timeStamp,elapsed,label,responseCode,responseMessage,threadName,dataType,success,failureMessage,bytes,sentBytes,grpThreads,allThreads,URL,Latency,IdleTime,Connect
1659398168755,362,http://localhost:60968/authentication/authentication/signin,200,OK,MVP Studio Login 1-1,text,true,,492,557,4,4,http://localhost:60968/authentication/authentication/signin,362,0,2
1659398168915,257,http://localhost:60968/authentication/authentication/signin,200,OK,MVP Studio Login 1-2,text,true,,492,557,4,4,http://localhost:60968/authentication/authentication/signin,257,0,1
1659398169257,115,http://localhost:60968/authentication/authentication/signin,200,OK,MVP Studio Login 1-3,text,true,,492,557,4,4,http://localhost:60968/authentication/authentication/signin,115,0,2
1659398169398,104,http://localhost:60968/authentication/authentication/signin,200,OK,MVP Studio Login 1-4,text,true,,492,557,4,4,http://localhost:60968/authentication/authentication/signin,104,0,1
1659398169676,10,http://localhost:60190/profile/profile/isUserAuthenticated,401,Unauthorized,MVP Studio Login 1-1,,false,,192,765,4,4,http://localhost:60190/profile/profile/isUserAuthenticated,10,0,2
1659398169671,15,http://localhost:60190/profile/profile/isUserAuthenticated,401,Unauthorized,MVP Studio Login 1-2,,false,,192,765,4,4,http://localhost:60190/profile/profile/isUserAuthenticated,15,0,2
1659398169860,4,http://localhost:60190/profile/profile/isUserAuthenticated,401,Unauthorized,MVP Studio Login 1-4,,false,,192,765,4,4,http://localhost:60190/profile/profile/isUserAuthenticated,4,0,1
1659398170069,5,http://localhost:60190/profile/profile/isUserAuthenticated,401,Unauthorized,MVP Studio Login 1-3,,false,,192,765,4,4,http://localhost:60190/profile/profile/isUserAuthenticated,5,0,1
1659398170200,932,http://localhost:5000/Account/Profile,200,OK,MVP Studio Login 1-2,text,false,"The operation lasted too long: It took 932 milliseconds, but should not have lasted longer than 500 milliseconds.",7099508,11385,4,4,http://localhost:5000/Account/Profile,7,0,1
1659398170200,7,http://localhost:5000/Account/Profile-0,200,OK,MVP Studio Login 1-2,text,true,,2047,524,4,4,http://localhost:5000/Account/Profile,7,0,1
1659398170210,286,http://localhost:5000/Account/Profile-1,200,OK,MVP Studio Login 1-2,text,true,,4091,544,4,4,"https://fonts.googleapis.com/css?family=Montserrat:400,700",286,0,170
1659398170211,300,http://localhost:5000/Account/Profile-2,200,OK,MVP Studio Login 1-2,text,true,,3549,558,4,4,"https://fonts.googleapis.com/css?family=Lato:400,700,400italic,700italic",294,0,171
1659398170212,522,http://localhost:5000/Account/Profile-3,200,OK,MVP Studio Login 1-2,text,true,,793748,1096,4,4,http://localhost:5000/css/semantic.css,9,0,0
1659398170212,12,http://localhost:5000/Account/Profile-4,200,OK,MVP Studio Login 1-2,text,true,,17723,526,4,4,http://localhost:5000/css/MarsTheme.css,12,0,1
1659398170213,123,http://localhost:5000/Account/Profile-5,200,OK,MVP Studio Login 1-2,text,true,,412561,526,4,4,http://localhost:5000/css/scheduler.css,14,0,1
1659398170214,94,http://localhost:5000/Account/Profile-6,200,OK,MVP Studio Login 1-2,text,true,,278520,527,4,4,http://localhost:5000/js/jquery-3.2.1.js,17,0,2
1659398170225,318,http://localhost:5000/Account/Profile-7,200,OK,MVP Studio Login 1-2,text,true,,769533,523,4,4,http://localhost:5000/js/semantic.js,16,0,0
1659398170309,21,http://localhost:5000/Account/Profile-8,200,OK,MVP Studio Login 1-2,text,true,,3482,525,4,4,http://localhost:5000/util/Mars-lib.js,21,0,0
1659398170330,19,http://localhost:5000/Account/Profile-9,200,OK,MVP Studio Login 1-2,text,true,,8601,551,4,4,http://localhost:5000/util/NotificationFx/js/modernizr.custom.js,19,0,0
1659398170338,11,http://localhost:5000/Account/Profile-10,200,OK,MVP Studio Login 1-2,text,true,,2141,542,4,4,http://localhost:5000/util/NotificationFx/js/classie.js,10,0,0
1659398170349,81,http://localhost:5000/Account/Profile-11,200,OK,MVP Studio Login 1-2,text,true,,73407,547,4,4,http://localhost:5000/util/NotificationFx/js/snap.svg-min.js,61,0,0
1659398170350,60,http://localhost:5000/Account/Profile-12,200,OK,MVP Studio Login 1-2,text,true,,4407,549,4,4,http://localhost:5000/util/NotificationFx/js/notificationFx.js,60,0,0
1659398170412,18,http://localhost:5000/Account/Profile-13,200,OK,MVP Studio Login 1-2,text,true,,2037,546,4,4,http://localhost:5000/util/NotificationFx/css/normalize.css,18,0,0
1659398170431,13,http://localhost:5000/Account/Profile-14,200,OK,MVP Studio Login 1-2,text,true,,1619,547,4,4,http://localhost:5000/util/NotificationFx/css/ns-default.css,13,0,0
1659398170431,15,http://localhost:5000/Account/Profile-15,200,OK,MVP Studio Login 1-2,text,true,,5861,554,4,4,http://localhost:5000/util/NotificationFx/css/ns-style-attached.css,15,0,0
1659398170445,16,http://localhost:5000/Account/Profile-16,200,OK,MVP Studio Login 1-2,text,true,,5831,549,4,4,http://localhost:5000/util/NotificationFx/css/ns-style-bar.css,16,0,0
1659398170447,20,http://localhost:5000/Account/Profile-17,200,OK,MVP Studio Login 1-2,text,true,,45621,551,4,4,http://localhost:5000/util/NotificationFx/css/ns-style-growl.css,17,0,0
1659398170462,21,http://localhost:5000/Account/Profile-18,200,OK,MVP Studio Login 1-2,text,true,,29233,551,4,4,http://localhost:5000/util/NotificationFx/css/ns-style-other.css,21,0,0
1659398170468,664,http://localhost:5000/Account/Profile-19,200,OK,MVP Studio Login 1-2,text,true,,4635496,549,4,4,http://localhost:5000/js/react/dist/myAccountProfile.bundle.js,23,0,0
1659398170217,934,http://localhost:5000/Account/Profile,200,OK,MVP Studio Login 1-1,text,false,"The operation lasted too long: It took 934 milliseconds, but should not have lasted longer than 500 milliseconds.",7099508,11385,4,4,http://localhost:5000/Account/Profile,14,0,1
1659398170217,14,http://localhost:5000/Account/Profile-0,200,OK,MVP Studio Login 1-1,text,true,,2047,524,4,4,http://localhost:5000/Account/Profile,14,0,1
1659398170237,273,http://localhost:5000/Account/Profile-1,200,OK,MVP Studio Login 1-1,text,true,,4091,544,4,4,"https://fonts.googleapis.com/css?family=Montserrat:400,700",273,0,155
1659398170241,275,http://localhost:5000/Account/Profile-2,200,OK,MVP Studio Login 1-1,text,true,,3549,558,4,4,"https://fonts.googleapis.com/css?family=Lato:400,700,400italic,700italic",275,0,159
1659398170246,417,http://localhost:5000/Account/Profile-3,200,OK,MVP Studio Login 1-1,text,true,,793748,1096,4,4,http://localhost:5000/css/semantic.css,30,0,0
1659398170247,40,http://localhost:5000/Account/Profile-4,200,OK,MVP Studio Login 1-1,text,true,,17723,526,4,4,http://localhost:5000/css/MarsTheme.css,40,0,2
1659398170247,199,http://localhost:5000/Account/Profile-5,200,OK,MVP Studio Login 1-1,text,true,,412561,526,4,4,http://localhost:5000/css/scheduler.css,43,0,1
1659398170249,173,http://localhost:5000/Account/Profile-6,200,OK,MVP Studio Login 1-1,text,true,,278520,527,4,4,http://localhost:5000/js/jquery-3.2.1.js,50,0,2
1659398170288,301,http://localhost:5000/Account/Profile-7,200,OK,MVP Studio Login 1-1,text,true,,769533,523,4,4,http://localhost:5000/js/semantic.js,20,0,0
1659398170423,15,http://localhost:5000/Account/Profile-8,200,OK,MVP Studio Login 1-1,text,true,,3482,525,4,4,http://localhost:5000/util/Mars-lib.js,15,0,0
1659398170439,15,http://localhost:5000/Account/Profile-9,200,OK,MVP Studio Login 1-1,text,true,,8601,551,4,4,http://localhost:5000/util/NotificationFx/js/modernizr.custom.js,15,0,0
1659398170447,14,http://localhost:5000/Account/Profile-10,200,OK,MVP Studio Login 1-1,text,true,,2141,542,4,4,http://localhost:5000/util/NotificationFx/js/classie.js,14,0,0
1659398170455,76,http://localhost:5000/Account/Profile-11,200,OK,MVP Studio Login 1-1,text,true,,73407,547,4,4,http://localhost:5000/util/NotificationFx/js/snap.svg-min.js,23,0,0
1659398170461,17,http://localhost:5000/Account/Profile-12,200,OK,MVP Studio Login 1-1,text,true,,4407,549,4,4,http://localhost:5000/util/NotificationFx/js/notificationFx.js,17,0,0
1659398170478,49,http://localhost:5000/Account/Profile-13,200,OK,MVP Studio Login 1-1,text,true,,2037,546,4,4,http://localhost:5000/util/NotificationFx/css/normalize.css,49,0,0
1659398170511,49,http://localhost:5000/Account/Profile-14,200,OK,MVP Studio Login 1-1,text,true,,1619,547,4,4,http://localhost:5000/util/NotificationFx/css/ns-default.css,49,0,3
1659398170516,46,http://localhost:5000/Account/Profile-15,200,OK,MVP Studio Login 1-1,text,true,,5861,554,4,4,http://localhost:5000/util/NotificationFx/css/ns-style-attached.css,46,0,2
1659398170528,24,http://localhost:5000/Account/Profile-16,200,OK,MVP Studio Login 1-1,text,true,,5831,549,4,4,http://localhost:5000/util/NotificationFx/css/ns-style-bar.css,24,0,0
1659398170532,24,http://localhost:5000/Account/Profile-17,200,OK,MVP Studio Login 1-1,text,true,,45621,551,4,4,http://localhost:5000/util/NotificationFx/css/ns-style-growl.css,24,0,0
1659398170552,20,http://localhost:5000/Account/Profile-18,200,OK,MVP Studio Login 1-1,text,true,,29233,551,4,4,http://localhost:5000/util/NotificationFx/css/ns-style-other.css,20,0,0
1659398170557,594,http://localhost:5000/Account/Profile-19,200,OK,MVP Studio Login 1-1,text,true,,4635496,549,4,4,http://localhost:5000/js/react/dist/myAccountProfile.bundle.js,24,0,0
1659398170314,855,http://localhost:5000/Account/Profile,200,OK,MVP Studio Login 1-4,text,false,"The operation lasted too long: It took 855 milliseconds, but should not have lasted longer than 500 milliseconds.",7099508,11385,4,4,http://localhost:5000/Account/Profile,35,0,2
1659398170314,35,http://localhost:5000/Account/Profile-0,200,OK,MVP Studio Login 1-4,text,true,,2047,524,4,4,http://localhost:5000/Account/Profile,35,0,2
1659398170352,292,http://localhost:5000/Account/Profile-1,200,OK,MVP Studio Login 1-4,text,true,,4091,544,4,4,"https://fonts.googleapis.com/css?family=Montserrat:400,700",291,0,154
1659398170352,292,http://localhost:5000/Account/Profile-2,200,OK,MVP Studio Login 1-4,text,true,,3549,558,4,4,"https://fonts.googleapis.com/css?family=Lato:400,700,400italic,700italic",291,0,155
1659398170355,635,http://localhost:5000/Account/Profile-3,200,OK,MVP Studio Login 1-4,text,true,,793748,1096,4,4,http://localhost:5000/css/semantic.css,63,0,0
1659398170356,67,http://localhost:5000/Account/Profile-4,200,OK,MVP Studio Login 1-4,text,true,,17723,526,4,4,http://localhost:5000/css/MarsTheme.css,67,0,1
1659398170355,230,http://localhost:5000/Account/Profile-5,200,OK,MVP Studio Login 1-4,text,true,,412561,526,4,4,http://localhost:5000/css/scheduler.css,68,0,1
1659398170357,204,http://localhost:5000/Account/Profile-6,200,OK,MVP Studio Login 1-4,text,true,,278520,527,4,4,http://localhost:5000/js/jquery-3.2.1.js,90,0,2
1659398170423,320,http://localhost:5000/Account/Profile-7,200,OK,MVP Studio Login 1-4,text,true,,769533,523,4,4,http://localhost:5000/js/semantic.js,15,0,0
1659398170562,22,http://localhost:5000/Account/Profile-8,200,OK,MVP Studio Login 1-4,text,true,,3482,525,4,4,http://localhost:5000/util/Mars-lib.js,22,0,0
1659398170584,46,http://localhost:5000/Account/Profile-9,200,OK,MVP Studio Login 1-4,text,true,,8601,551,4,4,http://localhost:5000/util/NotificationFx/js/modernizr.custom.js,46,0,0
1659398170586,45,http://localhost:5000/Account/Profile-10,200,OK,MVP Studio Login 1-4,text,true,,2141,542,4,4,http://localhost:5000/util/NotificationFx/js/classie.js,45,0,0
1659398170631,65,http://localhost:5000/Account/Profile-11,200,OK,MVP Studio Login 1-4,text,true,,73407,547,4,4,http://localhost:5000/util/NotificationFx/js/snap.svg-min.js,35,0,0
1659398170632,35,http://localhost:5000/Account/Profile-12,200,OK,MVP Studio Login 1-4,text,true,,4407,549,4,4,http://localhost:5000/util/NotificationFx/js/notificationFx.js,35,0,0
1659398170645,68,http://localhost:5000/Account/Profile-13,200,OK,MVP Studio Login 1-4,text,true,,2037,546,4,4,http://localhost:5000/util/NotificationFx/css/normalize.css,68,0,1
1659398170645,64,http://localhost:5000/Account/Profile-14,200,OK,MVP Studio Login 1-4,text,true,,1619,547,4,4,http://localhost:5000/util/NotificationFx/css/ns-default.css,64,0,1
1659398170668,23,http://localhost:5000/Account/Profile-15,200,OK,MVP Studio Login 1-4,text,true,,5861,554,4,4,http://localhost:5000/util/NotificationFx/css/ns-style-attached.css,23,0,0
1659398170692,27,http://localhost:5000/Account/Profile-16,200,OK,MVP Studio Login 1-4,text,true,,5831,549,4,4,http://localhost:5000/util/NotificationFx/css/ns-style-bar.css,27,0,0
1659398170697,27,http://localhost:5000/Account/Profile-17,200,OK,MVP Studio Login 1-4,text,true,,45621,551,4,4,http://localhost:5000/util/NotificationFx/css/ns-style-growl.css,27,0,0
1659398170709,49,http://localhost:5000/Account/Profile-18,200,OK,MVP Studio Login 1-4,text,true,,29233,551,4,4,http://localhost:5000/util/NotificationFx/css/ns-style-other.css,49,0,0
1659398170713,456,http://localhost:5000/Account/Profile-19,200,OK,MVP Studio Login 1-4,text,true,,4635496,549,4,4,http://localhost:5000/js/react/dist/myAccountProfile.bundle.js,46,0,0
1659398170547,632,http://localhost:5000/Account/Profile,200,OK,MVP Studio Login 1-3,text,false,"The operation lasted too long: It took 632 milliseconds, but should not have lasted longer than 500 milliseconds.",7099508,11385,4,4,http://localhost:5000/Account/Profile,43,0,1
1659398170547,44,http://localhost:5000/Account/Profile-0,200,OK,MVP Studio Login 1-3,text,true,,2047,524,4,4,http://localhost:5000/Account/Profile,43,0,1
1659398170594,264,http://localhost:5000/Account/Profile-1,200,OK,MVP Studio Login 1-3,text,true,,4091,544,4,4,"https://fonts.googleapis.com/css?family=Montserrat:400,700",264,0,147
1659398170594,252,http://localhost:5000/Account/Profile-2,200,OK,MVP Studio Login 1-3,text,true,,3549,558,4,4,"https://fonts.googleapis.com/css?family=Lato:400,700,400italic,700italic",250,0,139
1659398170594,568,http://localhost:5000/Account/Profile-3,200,OK,MVP Studio Login 1-3,text,true,,793748,1096,4,4,http://localhost:5000/css/semantic.css,84,0,2
1659398170594,78,http://localhost:5000/Account/Profile-4,200,OK,MVP Studio Login 1-3,text,true,,17723,526,4,4,http://localhost:5000/css/MarsTheme.css,78,0,2
1659398170594,199,http://localhost:5000/Account/Profile-5,200,OK,MVP Studio Login 1-3,text,true,,412561,526,4,4,http://localhost:5000/css/scheduler.css,43,0,0
1659398170594,177,http://localhost:5000/Account/Profile-6,200,OK,MVP Studio Login 1-3,text,true,,278520,527,4,4,http://localhost:5000/js/jquery-3.2.1.js,69,0,1
1659398170673,246,http://localhost:5000/Account/Profile-7,200,OK,MVP Studio Login 1-3,text,true,,769533,523,4,4,http://localhost:5000/js/semantic.js,43,0,1
1659398170771,26,http://localhost:5000/Account/Profile-8,200,OK,MVP Studio Login 1-3,text,true,,3482,525,4,4,http://localhost:5000/util/Mars-lib.js,25,0,2
1659398170795,29,http://localhost:5000/Account/Profile-9,200,OK,MVP Studio Login 1-3,text,true,,8601,551,4,4,http://localhost:5000/util/NotificationFx/js/modernizr.custom.js,29,0,1
1659398170797,12,http://localhost:5000/Account/Profile-10,200,OK,MVP Studio Login 1-3,text,true,,2141,542,4,4,http://localhost:5000/util/NotificationFx/js/classie.js,12,0,0
1659398170810,40,http://localhost:5000/Account/Profile-11,200,OK,MVP Studio Login 1-3,text,true,,73407,547,4,4,http://localhost:5000/util/NotificationFx/js/snap.svg-min.js,23,0,0
1659398170825,17,http://localhost:5000/Account/Profile-12,200,OK,MVP Studio Login 1-3,text,true,,4407,549,4,4,http://localhost:5000/util/NotificationFx/js/notificationFx.js,17,0,0
1659398170842,21,http://localhost:5000/Account/Profile-13,200,OK,MVP Studio Login 1-3,text,true,,2037,546,4,4,http://localhost:5000/util/NotificationFx/css/normalize.css,21,0,0
1659398170847,38,http://localhost:5000/Account/Profile-14,200,OK,MVP Studio Login 1-3,text,true,,1619,547,4,4,http://localhost:5000/util/NotificationFx/css/ns-default.css,38,0,2
1659398170851,24,http://localhost:5000/Account/Profile-15,200,OK,MVP Studio Login 1-3,text,true,,5861,554,4,4,http://localhost:5000/util/NotificationFx/css/ns-style-attached.css,24,0,0
1659398170860,32,http://localhost:5000/Account/Profile-16,200,OK,MVP Studio Login 1-3,text,true,,5831,549,4,4,http://localhost:5000/util/NotificationFx/css/ns-style-bar.css,32,0,1
1659398170864,20,http://localhost:5000/Account/Profile-17,200,OK,MVP Studio Login 1-3,text,true,,45621,551,4,4,http://localhost:5000/util/NotificationFx/css/ns-style-growl.css,19,0,0
1659398170876,15,http://localhost:5000/Account/Profile-18,200,OK,MVP Studio Login 1-3,text,true,,29233,551,4,4,http://localhost:5000/util/NotificationFx/css/ns-style-other.css,15,0,0
1659398170884,295,http://localhost:5000/Account/Profile-19,200,OK,MVP Studio Login 1-3,text,true,,4635496,549,4,4,http://localhost:5000/js/react/dist/myAccountProfile.bundle.js,21,0,0
1659398171623,4,http://localhost:60190/notification/notification/getNotification?numberOfNotifications=5,401,Unauthorized,MVP Studio Login 1-2,,false,,192,767,4,4,http://localhost:60190/notification/notification/getNotification?numberOfNotifications=5,4,0,0
1659398171647,3,http://localhost:60190/notification/notification/getNotification?numberOfNotifications=5,401,Unauthorized,MVP Studio Login 1-4,,false,,192,767,4,4,http://localhost:60190/notification/notification/getNotification?numberOfNotifications=5,3,0,0
1659398171720,4,http://localhost:60190/notification/notification/getNotification?numberOfNotifications=5,401,Unauthorized,MVP Studio Login 1-1,,false,,192,767,4,4,http://localhost:60190/notification/notification/getNotification?numberOfNotifications=5,4,0,0
1659398171791,5,http://localhost:60190/notification/notification/getNotification?numberOfNotifications=5,401,Unauthorized,MVP Studio Login 1-3,,false,,192,767,4,4,http://localhost:60190/notification/notification/getNotification?numberOfNotifications=5,5,0,0
1659398172060,4,http://localhost:60190/notification/notification/getNewNotificationCount,401,Unauthorized,MVP Studio Login 1-2,,false,,192,751,4,4,http://localhost:60190/notification/notification/getNewNotificationCount,4,0,0
1659398172168,3,http://localhost:60190/notification/notification/getNewNotificationCount,401,Unauthorized,MVP Studio Login 1-4,,false,,192,751,4,4,http://localhost:60190/notification/notification/getNewNotificationCount,3,0,0
1659398172241,4,http://localhost:60190/notification/notification/getNewNotificationCount,401,Unauthorized,MVP Studio Login 1-3,,false,,192,751,4,4,http://localhost:60190/notification/notification/getNewNotificationCount,4,0,0
1659398172365,4,http://localhost:60190/notification/notification/getNewNotificationCount,401,Unauthorized,MVP Studio Login 1-1,,false,,192,751,4,4,http://localhost:60190/notification/notification/getNewNotificationCount,4,0,0
1659398172614,44,http://localhost:51689/listing/listing/getBalance,401,Unauthorized,MVP Studio Login 1-2,,false,,192,728,4,4,http://localhost:51689/listing/listing/getBalance,44,0,0
1659398172741,6,http://localhost:51689/listing/listing/getBalance,401,Unauthorized,MVP Studio Login 1-3,,false,,192,728,4,4,http://localhost:51689/listing/listing/getBalance,6,0,1
1659398172815,4,http://localhost:51689/listing/listing/getBalance,401,Unauthorized,MVP Studio Login 1-4,,false,,192,728,4,4,http://localhost:51689/listing/listing/getBalance,4,0,1
1659398172896,5,http://localhost:51689/listing/listing/getBalance,401,Unauthorized,MVP Studio Login 1-1,,false,,192,728,4,4,http://localhost:51689/listing/listing/getBalance,5,0,1
1659398173252,5,http://localhost:60190/profile/profile/getLanguage,401,Unauthorized,MVP Studio Login 1-2,,false,,192,757,4,4,http://localhost:60190/profile/profile/getLanguage,5,0,0
1659398173283,4,http://localhost:60190/profile/profile/getLanguage,401,Unauthorized,MVP Studio Login 1-4,,false,,192,757,4,4,http://localhost:60190/profile/profile/getLanguage,4,0,0
1659398173286,3,http://localhost:60190/profile/profile/getLanguage,401,Unauthorized,MVP Studio Login 1-3,,false,,192,757,4,4,http://localhost:60190/profile/profile/getLanguage,3,0,0
1659398173513,5,http://localhost:60190/profile/profile/getLanguage,401,Unauthorized,MVP Studio Login 1-1,,false,,192,757,4,4,http://localhost:60190/profile/profile/getLanguage,5,0,0
1659398173654,5,http://localhost:60190/profile/profile/getSkill,401,Unauthorized,MVP Studio Login 1-3,,false,,192,754,4,4,http://localhost:60190/profile/profile/getSkill,5,0,0
1659398173700,4,http://localhost:60190/profile/profile/getSkill,401,Unauthorized,MVP Studio Login 1-2,,false,,192,754,4,4,http://localhost:60190/profile/profile/getSkill,4,0,0
1659398173754,4,http://localhost:60190/profile/profile/getSkill,401,Unauthorized,MVP Studio Login 1-4,,false,,192,754,4,4,http://localhost:60190/profile/profile/getSkill,4,0,0
1659398174123,3,http://localhost:60190/profile/profile/getSkill,401,Unauthorized,MVP Studio Login 1-1,,false,,192,754,4,4,http://localhost:60190/profile/profile/getSkill,3,0,0
1659398174141,4,http://localhost:60190/profile/profile/getEducation,401,Unauthorized,MVP Studio Login 1-2,,false,,192,758,4,4,http://localhost:60190/profile/profile/getEducation,4,0,0
1659398174208,3,http://localhost:60190/profile/profile/getEducation,401,Unauthorized,MVP Studio Login 1-4,,false,,192,758,4,4,http://localhost:60190/profile/profile/getEducation,3,0,0
1659398174246,4,http://localhost:60190/profile/profile/getEducation,401,Unauthorized,MVP Studio Login 1-3,,false,,192,758,4,4,http://localhost:60190/profile/profile/getEducation,4,0,0
1659398174641,4,http://localhost:60190/profile/profile/getCertification,401,Unauthorized,MVP Studio Login 1-4,,false,,192,762,4,4,http://localhost:60190/profile/profile/getCertification,4,0,0
1659398174695,5,http://localhost:60190/profile/profile/getEducation,401,Unauthorized,MVP Studio Login 1-1,,false,,192,758,4,4,http://localhost:60190/profile/profile/getEducation,5,0,0
1659398174767,4,http://localhost:60190/profile/profile/getCertification,401,Unauthorized,MVP Studio Login 1-2,,false,,192,762,4,4,http://localhost:60190/profile/profile/getCertification,4,0,0
1659398174780,4,http://localhost:60190/profile/profile/getCertification,401,Unauthorized,MVP Studio Login 1-3,,false,,192,762,4,4,http://localhost:60190/profile/profile/getCertification,4,0,0
1659398175202,5,http://localhost:60190/profile/profile/getProfileDetails/?id=,401,Unauthorized,MVP Studio Login 1-4,,false,,192,740,4,4,http://localhost:60190/profile/profile/getProfileDetails/?id=,5,0,0
1659398168996,993,User Login,,"Number of samples in transaction : 11, number of failing samples : 10",MVP Studio Login 1-4,,false,,7101728,18724,4,4,null,173,5218,5
1659398175222,4,http://localhost:60190/profile/profile/getProfileDetails/?id=,401,Unauthorized,MVP Studio Login 1-3,,false,,192,740,3,3,http://localhost:60190/profile/profile/getProfileDetails/?id=,4,0,0
1659398168745,787,User Login,,"Number of samples in transaction : 11, number of failing samples : 10",MVP Studio Login 1-3,,false,,7101728,18724,3,3,null,198,5694,5
1659398175292,4,http://localhost:60190/profile/profile/getCertification,401,Unauthorized,MVP Studio Login 1-1,,false,,192,762,2,2,http://localhost:60190/profile/profile/getCertification,4,0,0
1659398175391,4,http://localhost:60190/profile/profile/getProfileDetails/?id=,401,Unauthorized,MVP Studio Login 1-2,,false,,192,740,2,2,http://localhost:60190/profile/profile/getProfileDetails/?id=,4,0,0
1659398168492,1277,User Login,,"Number of samples in transaction : 11, number of failing samples : 10",MVP Studio Login 1-2,,false,,7101728,18724,2,2,null,352,5626,4
1659398175689,3,http://localhost:60190/profile/profile/getProfileDetails/?id=,401,Unauthorized,MVP Studio Login 1-1,,false,,192,740,1,1,http://localhost:60190/profile/profile/getProfileDetails/?id=,3,0,0
1659398168240,1339,User Login,,"Number of samples in transaction : 11, number of failing samples : 10",MVP Studio Login 1-1,,false,,7101728,18724,1,1,null,419,6114,6
1659398217645,98,http://localhost:60968/authentication/authentication/signin,200,OK,MVP Studio Login 1-1,text,true,,492,557,3,3,http://localhost:60968/authentication/authentication/signin,98,0,2
1659398217925,102,http://localhost:60968/authentication/authentication/signin,200,OK,MVP Studio Login 1-2,text,true,,492,557,4,4,http://localhost:60968/authentication/authentication/signin,102,0,1
1659398218135,97,http://localhost:60968/authentication/authentication/signin,200,OK,MVP Studio Login 1-3,text,true,,492,557,4,4,http://localhost:60968/authentication/authentication/signin,97,0,1
1659398218271,5,http://localhost:60190/profile/profile/isUserAuthenticated,401,Unauthorized,MVP Studio Login 1-1,,false,,192,765,4,4,http://localhost:60190/profile/profile/isUserAuthenticated,5,0,1
1659398218331,93,http://localhost:60968/authentication/authentication/signin,200,OK,MVP Studio Login 1-4,text,true,,492,557,4,4,http://localhost:60968/authentication/authentication/signin,93,0,1
1659398218486,5,http://localhost:60190/profile/profile/isUserAuthenticated,401,Unauthorized,MVP Studio Login 1-2,,false,,192,765,4,4,http://localhost:60190/profile/profile/isUserAuthenticated,5,0,1
1659398218853,6,http://localhost:60190/profile/profile/isUserAuthenticated,401,Unauthorized,MVP Studio Login 1-3,,false,,192,765,4,4,http://localhost:60190/profile/profile/isUserAuthenticated,6,0,1
1659398218869,4,http://localhost:60190/profile/profile/isUserAuthenticated,401,Unauthorized,MVP Studio Login 1-4,,false,,192,765,4,4,http://localhost:60190/profile/profile/isUserAuthenticated,4,0,1
1659398218982,340,http://localhost:5000/Account/Profile,200,OK,MVP Studio Login 1-1,text,true,,7099508,11385,4,4,http://localhost:5000/Account/Profile,7,0,1
1659398218982,7,http://localhost:5000/Account/Profile-0,200,OK,MVP Studio Login 1-1,text,true,,2047,524,4,4,http://localhost:5000/Account/Profile,7,0,1
1659398218991,253,http://localhost:5000/Account/Profile-1,200,OK,MVP Studio Login 1-1,text,true,,4091,544,4,4,"https://fonts.googleapis.com/css?family=Montserrat:400,700",252,0,139
1659398218991,262,http://localhost:5000/Account/Profile-2,200,OK,MVP Studio Login 1-1,text,true,,3549,558,4,4,"https://fonts.googleapis.com/css?family=Lato:400,700,400italic,700italic",261,0,145
1659398218991,331,http://localhost:5000/Account/Profile-3,200,OK,MVP Studio Login 1-1,text,true,,793748,1096,4,4,http://localhost:5000/css/semantic.css,9,0,0
1659398218992,18,http://localhost:5000/Account/Profile-4,200,OK,MVP Studio Login 1-1,text,true,,17723,526,4,4,http://localhost:5000/css/MarsTheme.css,18,0,1
1659398218992,56,http://localhost:5000/Account/Profile-5,200,OK,MVP Studio Login 1-1,text,true,,412561,526,4,4,http://localhost:5000/css/scheduler.css,18,0,1
1659398218992,49,http://localhost:5000/Account/Profile-6,200,OK,MVP Studio Login 1-1,text,true,,278520,527,4,4,http://localhost:5000/js/jquery-3.2.1.js,13,0,1
1659398219011,73,http://localhost:5000/Account/Profile-7,200,OK,MVP Studio Login 1-1,text,true,,769533,523,4,4,http://localhost:5000/js/semantic.js,20,0,1
1659398219042,7,http://localhost:5000/Account/Profile-8,200,OK,MVP Studio Login 1-1,text,true,,3482,525,4,4,http://localhost:5000/util/Mars-lib.js,7,0,1
1659398219050,6,http://localhost:5000/Account/Profile-9,200,OK,MVP Studio Login 1-1,text,true,,8601,551,4,4,http://localhost:5000/util/NotificationFx/js/modernizr.custom.js,6,0,0
1659398219050,11,http://localhost:5000/Account/Profile-10,200,OK,MVP Studio Login 1-1,text,true,,2141,542,4,4,http://localhost:5000/util/NotificationFx/js/classie.js,11,0,1
1659398219057,14,http://localhost:5000/Account/Profile-11,200,OK,MVP Studio Login 1-1,text,true,,73407,547,4,4,http://localhost:5000/util/NotificationFx/js/snap.svg-min.js,7,0,0
1659398219061,14,http://localhost:5000/Account/Profile-12,200,OK,MVP Studio Login 1-1,text,true,,4407,549,4,4,http://localhost:5000/util/NotificationFx/js/notificationFx.js,14,0,1
1659398219072,7,http://localhost:5000/Account/Profile-13,200,OK,MVP Studio Login 1-1,text,true,,2037,546,4,4,http://localhost:5000/util/NotificationFx/css/normalize.css,7,0,0
1659398219076,5,http://localhost:5000/Account/Profile-14,200,OK,MVP Studio Login 1-1,text,true,,1619,547,4,4,http://localhost:5000/util/NotificationFx/css/ns-default.css,5,0,0
1659398219080,4,http://localhost:5000/Account/Profile-15,200,OK,MVP Studio Login 1-1,text,true,,5861,554,4,4,http://localhost:5000/util/NotificationFx/css/ns-style-attached.css,4,0,0
1659398219082,3,http://localhost:5000/Account/Profile-16,200,OK,MVP Studio Login 1-1,text,true,,5831,549,4,4,http://localhost:5000/util/NotificationFx/css/ns-style-bar.css,3,0,0
1659398219084,4,http://localhost:5000/Account/Profile-17,200,OK,MVP Studio Login 1-1,text,true,,45621,551,4,4,http://localhost:5000/util/NotificationFx/css/ns-style-growl.css,4,0,0
1659398219085,4,http://localhost:5000/Account/Profile-18,200,OK,MVP Studio Login 1-1,text,true,,29233,551,4,4,http://localhost:5000/util/NotificationFx/css/ns-style-other.css,4,0,0
1659398219085,113,http://localhost:5000/Account/Profile-19,200,OK,MVP Studio Login 1-1,text,true,,4635496,549,4,4,http://localhost:5000/js/react/dist/myAccountProfile.bundle.js,6,0,0
1659398219670,7,http://localhost:60190/notification/notification/getNotification?numberOfNotifications=5,401,Unauthorized,MVP Studio Login 1-1,,false,,192,767,4,4,http://localhost:60190/notification/notification/getNotification?numberOfNotifications=5,7,0,0
1659398219238,544,http://localhost:5000/Account/Profile,200,OK,MVP Studio Login 1-2,text,false,"The operation lasted too long: It took 544 milliseconds, but should not have lasted longer than 500 milliseconds.",7099508,11385,4,4,http://localhost:5000/Account/Profile,4,0,1
1659398219238,4,http://localhost:5000/Account/Profile-0,200,OK,MVP Studio Login 1-2,text,true,,2047,524,4,4,http://localhost:5000/Account/Profile,4,0,1
1659398219244,257,http://localhost:5000/Account/Profile-1,200,OK,MVP Studio Login 1-2,text,true,,4091,544,4,4,"https://fonts.googleapis.com/css?family=Montserrat:400,700",254,0,144
1659398219244,252,http://localhost:5000/Account/Profile-2,200,OK,MVP Studio Login 1-2,text,true,,3549,558,4,4,"https://fonts.googleapis.com/css?family=Lato:400,700,400italic,700italic",252,0,141
1659398219244,336,http://localhost:5000/Account/Profile-3,200,OK,MVP Studio Login 1-2,text,true,,793748,1096,4,4,http://localhost:5000/css/semantic.css,25,0,2
1659398219246,23,http://localhost:5000/Account/Profile-4,200,OK,MVP Studio Login 1-2,text,true,,17723,526,4,4,http://localhost:5000/css/MarsTheme.css,23,0,1
1659398219244,53,http://localhost:5000/Account/Profile-5,200,OK,MVP Studio Login 1-2,text,true,,412561,526,4,4,http://localhost:5000/css/scheduler.css,12,0,0
1659398219245,51,http://localhost:5000/Account/Profile-6,200,OK,MVP Studio Login 1-2,text,true,,278520,527,4,4,http://localhost:5000/js/jquery-3.2.1.js,28,0,1
1659398219271,120,http://localhost:5000/Account/Profile-7,200,OK,MVP Studio Login 1-2,text,true,,769533,523,4,4,http://localhost:5000/js/semantic.js,12,0,1
1659398219297,11,http://localhost:5000/Account/Profile-8,200,OK,MVP Studio Login 1-2,text,true,,3482,525,4,4,http://localhost:5000/util/Mars-lib.js,11,0,2
1659398219298,10,http://localhost:5000/Account/Profile-9,200,OK,MVP Studio Login 1-2,text,true,,8601,551,4,4,http://localhost:5000/util/NotificationFx/js/modernizr.custom.js,10,0,1
1659398219308,7,http://localhost:5000/Account/Profile-10,200,OK,MVP Studio Login 1-2,text,true,,2141,542,4,4,http://localhost:5000/util/NotificationFx/js/classie.js,7,0,0
1659398219309,12,http://localhost:5000/Account/Profile-11,200,OK,MVP Studio Login 1-2,text,true,,73407,547,4,4,http://localhost:5000/util/NotificationFx/js/snap.svg-min.js,6,0,0
1659398219316,5,http://localhost:5000/Account/Profile-12,200,OK,MVP Studio Login 1-2,text,true,,4407,549,4,4,http://localhost:5000/util/NotificationFx/js/notificationFx.js,4,0,0
1659398219321,11,http://localhost:5000/Account/Profile-13,200,OK,MVP Studio Login 1-2,text,true,,2037,546,4,4,http://localhost:5000/util/NotificationFx/css/normalize.css,11,0,0
1659398219322,11,http://localhost:5000/Account/Profile-14,200,OK,MVP Studio Login 1-2,text,true,,1619,547,4,4,http://localhost:5000/util/NotificationFx/css/ns-default.css,11,0,0
1659398219333,8,http://localhost:5000/Account/Profile-15,200,OK,MVP Studio Login 1-2,text,true,,5861,554,4,4,http://localhost:5000/util/NotificationFx/css/ns-style-attached.css,8,0,0
1659398219334,17,http://localhost:5000/Account/Profile-16,200,OK,MVP Studio Login 1-2,text,true,,5831,549,4,4,http://localhost:5000/util/NotificationFx/css/ns-style-bar.css,17,0,2
1659398219342,33,http://localhost:5000/Account/Profile-17,200,OK,MVP Studio Login 1-2,text,true,,45621,551,4,4,http://localhost:5000/util/NotificationFx/css/ns-style-growl.css,12,0,0
1659398219352,25,http://localhost:5000/Account/Profile-18,200,OK,MVP Studio Login 1-2,text,true,,29233,551,4,4,http://localhost:5000/util/NotificationFx/css/ns-style-other.css,24,0,0
1659398219375,407,http://localhost:5000/Account/Profile-19,200,OK,MVP Studio Login 1-2,text,true,,4635496,549,4,4,http://localhost:5000/js/react/dist/myAccountProfile.bundle.js,28,0,0
1659398219327,491,http://localhost:5000/Account/Profile,200,OK,MVP Studio Login 1-3,text,true,,7099508,11385,4,4,http://localhost:5000/Account/Profile,15,0,2
1659398219327,15,http://localhost:5000/Account/Profile-0,200,OK,MVP Studio Login 1-3,text,true,,2047,524,4,4,http://localhost:5000/Account/Profile,15,0,2
1659398219345,250,http://localhost:5000/Account/Profile-1,200,OK,MVP Studio Login 1-3,text,true,,4091,544,4,4,"https://fonts.googleapis.com/css?family=Montserrat:400,700",249,0,134
1659398219344,246,http://localhost:5000/Account/Profile-2,200,OK,MVP Studio Login 1-3,text,true,,3549,558,4,4,"https://fonts.googleapis.com/css?family=Lato:400,700,400italic,700italic",242,0,131
1659398219344,408,http://localhost:5000/Account/Profile-3,200,OK,MVP Studio Login 1-3,text,true,,793748,1096,4,4,http://localhost:5000/css/semantic.css,16,0,0
1659398219345,23,http://localhost:5000/Account/Profile-4,200,OK,MVP Studio Login 1-3,text,true,,17723,526,4,4,http://localhost:5000/css/MarsTheme.css,23,0,1
1659398219344,117,http://localhost:5000/Account/Profile-5,200,OK,MVP Studio Login 1-3,text,true,,412561,526,4,4,http://localhost:5000/css/scheduler.css,47,0,2
1659398219344,83,http://localhost:5000/Account/Profile-6,200,OK,MVP Studio Login 1-3,text,true,,278520,527,4,4,http://localhost:5000/js/jquery-3.2.1.js,27,0,1
1659398219368,196,http://localhost:5000/Account/Profile-7,200,OK,MVP Studio Login 1-3,text,true,,769533,523,4,4,http://localhost:5000/js/semantic.js,42,0,2
1659398219427,15,http://localhost:5000/Account/Profile-8,200,OK,MVP Studio Login 1-3,text,true,,3482,525,4,4,http://localhost:5000/util/Mars-lib.js,14,0,2
1659398219443,19,http://localhost:5000/Account/Profile-9,200,OK,MVP Studio Login 1-3,text,true,,8601,551,4,4,http://localhost:5000/util/NotificationFx/js/modernizr.custom.js,19,0,0
1659398219462,25,http://localhost:5000/Account/Profile-10,200,OK,MVP Studio Login 1-3,text,true,,2141,542,4,4,http://localhost:5000/util/NotificationFx/js/classie.js,25,0,0
1659398219462,65,http://localhost:5000/Account/Profile-11,200,OK,MVP Studio Login 1-3,text,true,,73407,547,4,4,http://localhost:5000/util/NotificationFx/js/snap.svg-min.js,44,0,2
1659398219488,17,http://localhost:5000/Account/Profile-12,200,OK,MVP Studio Login 1-3,text,true,,4407,549,4,4,http://localhost:5000/util/NotificationFx/js/notificationFx.js,17,0,0
1659398219505,22,http://localhost:5000/Account/Profile-13,200,OK,MVP Studio Login 1-3,text,true,,2037,546,4,4,http://localhost:5000/util/NotificationFx/css/normalize.css,22,0,0
1659398219528,10,http://localhost:5000/Account/Profile-14,200,OK,MVP Studio Login 1-3,text,true,,1619,547,4,4,http://localhost:5000/util/NotificationFx/css/ns-default.css,10,0,0
1659398219528,10,http://localhost:5000/Account/Profile-15,200,OK,MVP Studio Login 1-3,text,true,,5861,554,4,4,http://localhost:5000/util/NotificationFx/css/ns-style-attached.css,10,0,0
1659398219539,13,http://localhost:5000/Account/Profile-16,200,OK,MVP Studio Login 1-3,text,true,,5831,549,4,4,http://localhost:5000/util/NotificationFx/css/ns-style-bar.css,13,0,0
1659398219539,13,http://localhost:5000/Account/Profile-17,200,OK,MVP Studio Login 1-3,text,true,,45621,551,4,4,http://localhost:5000/util/NotificationFx/css/ns-style-growl.css,13,0,0
1659398219552,14,http://localhost:5000/Account/Profile-18,200,OK,MVP Studio Login 1-3,text,true,,29233,551,4,4,http://localhost:5000/util/NotificationFx/css/ns-style-other.css,14,0,0
1659398219553,265,http://localhost:5000/Account/Profile-19,200,OK,MVP Studio Login 1-3,text,true,,4635496,549,4,4,http://localhost:5000/js/react/dist/myAccountProfile.bundle.js,14,0,0
1659398219432,427,http://localhost:5000/Account/Profile,200,OK,MVP Studio Login 1-4,text,true,,7099508,11385,4,4,http://localhost:5000/Account/Profile,18,0,2
1659398219432,18,http://localhost:5000/Account/Profile-0,200,OK,MVP Studio Login 1-4,text,true,,2047,524,4,4,http://localhost:5000/Account/Profile,18,0,2
1659398219452,249,http://localhost:5000/Account/Profile-1,200,OK,MVP Studio Login 1-4,text,true,,4091,544,4,4,"https://fonts.googleapis.com/css?family=Montserrat:400,700",246,0,130
1659398219452,253,http://localhost:5000/Account/Profile-2,200,OK,MVP Studio Login 1-4,text,true,,3549,558,4,4,"https://fonts.googleapis.com/css?family=Lato:400,700,400italic,700italic",252,0,141
1659398219452,407,http://localhost:5000/Account/Profile-3,200,OK,MVP Studio Login 1-4,text,true,,793748,1096,4,4,http://localhost:5000/css/semantic.css,32,0,0
1659398219452,39,http://localhost:5000/Account/Profile-4,200,OK,MVP Studio Login 1-4,text,true,,17723,526,4,4,http://localhost:5000/css/MarsTheme.css,39,0,1
1659398219453,127,http://localhost:5000/Account/Profile-5,200,OK,MVP Studio Login 1-4,text,true,,412561,526,4,4,http://localhost:5000/css/scheduler.css,40,0,1
1659398219453,99,http://localhost:5000/Account/Profile-6,200,OK,MVP Studio Login 1-4,text,true,,278520,527,4,4,http://localhost:5000/js/jquery-3.2.1.js,47,0,2
1659398219492,136,http://localhost:5000/Account/Profile-7,200,OK,MVP Studio Login 1-4,text,true,,769533,523,4,4,http://localhost:5000/js/semantic.js,37,0,2
1659398219552,22,http://localhost:5000/Account/Profile-8,200,OK,MVP Studio Login 1-4,text,true,,3482,525,4,4,http://localhost:5000/util/Mars-lib.js,22,0,2
1659398219574,12,http://localhost:5000/Account/Profile-9,200,OK,MVP Studio Login 1-4,text,true,,8601,551,4,4,http://localhost:5000/util/NotificationFx/js/modernizr.custom.js,12,0,0
1659398219581,23,http://localhost:5000/Account/Profile-10,200,OK,MVP Studio Login 1-4,text,true,,2141,542,4,4,http://localhost:5000/util/NotificationFx/js/classie.js,23,0,1
1659398219587,20,http://localhost:5000/Account/Profile-11,200,OK,MVP Studio Login 1-4,text,true,,73407,547,4,4,http://localhost:5000/util/NotificationFx/js/snap.svg-min.js,15,0,0
1659398219604,10,http://localhost:5000/Account/Profile-12,200,OK,MVP Studio Login 1-4,text,true,,4407,549,4,4,http://localhost:5000/util/NotificationFx/js/notificationFx.js,10,0,0
1659398219608,11,http://localhost:5000/Account/Profile-13,200,OK,MVP Studio Login 1-4,text,true,,2037,546,4,4,http://localhost:5000/util/NotificationFx/css/normalize.css,11,0,0
1659398219615,4,http://localhost:5000/Account/Profile-14,200,OK,MVP Studio Login 1-4,text,true,,1619,547,4,4,http://localhost:5000/util/NotificationFx/css/ns-default.css,4,0,0
1659398219619,6,http://localhost:5000/Account/Profile-15,200,OK,MVP Studio Login 1-4,text,true,,5861,554,4,4,http://localhost:5000/util/NotificationFx/css/ns-style-attached.css,5,0,0
1659398219620,5,http://localhost:5000/Account/Profile-16,200,OK,MVP Studio Login 1-4,text,true,,5831,549,4,4,http://localhost:5000/util/NotificationFx/css/ns-style-bar.css,5,0,0
1659398219625,8,http://localhost:5000/Account/Profile-17,200,OK,MVP Studio Login 1-4,text,true,,45621,551,4,4,http://localhost:5000/util/NotificationFx/css/ns-style-growl.css,8,0,0
1659398219625,10,http://localhost:5000/Account/Profile-18,200,OK,MVP Studio Login 1-4,text,true,,29233,551,4,4,http://localhost:5000/util/NotificationFx/css/ns-style-other.css,10,0,0
1659398219628,209,http://localhost:5000/Account/Profile-19,200,OK,MVP Studio Login 1-4,text,true,,4635496,549,4,4,http://localhost:5000/js/react/dist/myAccountProfile.bundle.js,9,0,0
1659398220139,4,http://localhost:60190/notification/notification/getNewNotificationCount,401,Unauthorized,MVP Studio Login 1-1,,false,,192,751,4,4,http://localhost:60190/notification/notification/getNewNotificationCount,4,0,0
1659398220158,4,http://localhost:60190/notification/notification/getNotification?numberOfNotifications=5,401,Unauthorized,MVP Studio Login 1-2,,false,,192,767,4,4,http://localhost:60190/notification/notification/getNotification?numberOfNotifications=5,4,0,0
1659398220321,4,http://localhost:60190/notification/notification/getNotification?numberOfNotifications=5,401,Unauthorized,MVP Studio Login 1-3,,false,,192,767,4,4,http://localhost:60190/notification/notification/getNotification?numberOfNotifications=5,4,0,0
1659398220360,3,http://localhost:60190/notification/notification/getNotification?numberOfNotifications=5,401,Unauthorized,MVP Studio Login 1-4,,false,,192,767,4,4,http://localhost:60190/notification/notification/getNotification?numberOfNotifications=5,3,0,0
1659398220660,6,http://localhost:60190/notification/notification/getNewNotificationCount,401,Unauthorized,MVP Studio Login 1-2,,false,,192,751,4,4,http://localhost:60190/notification/notification/getNewNotificationCount,6,0,0
1659398220670,4,http://localhost:51689/listing/listing/getBalance,401,Unauthorized,MVP Studio Login 1-1,,false,,192,728,4,4,http://localhost:51689/listing/listing/getBalance,4,0,1
1659398220783,3,http://localhost:60190/notification/notification/getNewNotificationCount,401,Unauthorized,MVP Studio Login 1-3,,false,,192,751,4,4,http://localhost:60190/notification/notification/getNewNotificationCount,3,0,0
1659398220948,3,http://localhost:60190/notification/notification/getNewNotificationCount,401,Unauthorized,MVP Studio Login 1-4,,false,,192,751,4,4,http://localhost:60190/notification/notification/getNewNotificationCount,3,0,0
1659398221338,5,http://localhost:51689/listing/listing/getBalance,401,Unauthorized,MVP Studio Login 1-2,,false,,192,728,4,4,http://localhost:51689/listing/listing/getBalance,5,0,1
1659398221346,3,http://localhost:60190/profile/profile/getLanguage,401,Unauthorized,MVP Studio Login 1-1,,false,,192,757,4,4,http://localhost:60190/profile/profile/getLanguage,3,0,0
1659398221352,6,http://localhost:51689/listing/listing/getBalance,401,Unauthorized,MVP Studio Login 1-3,,false,,192,728,4,4,http://localhost:51689/listing/listing/getBalance,6,0,2
1659398221574,4,http://localhost:51689/listing/listing/getBalance,401,Unauthorized,MVP Studio Login 1-4,,false,,192,728,4,4,http://localhost:51689/listing/listing/getBalance,4,0,1
1659398221805,4,http://localhost:60190/profile/profile/getLanguage,401,Unauthorized,MVP Studio Login 1-2,,false,,192,757,4,4,http://localhost:60190/profile/profile/getLanguage,4,0,0
1659398221894,4,http://localhost:60190/profile/profile/getLanguage,401,Unauthorized,MVP Studio Login 1-3,,false,,192,757,4,4,http://localhost:60190/profile/profile/getLanguage,4,0,0
1659398221931,3,http://localhost:60190/profile/profile/getLanguage,401,Unauthorized,MVP Studio Login 1-4,,false,,192,757,4,4,http://localhost:60190/profile/profile/getLanguage,3,0,0
1659398221954,3,http://localhost:60190/profile/profile/getSkill,401,Unauthorized,MVP Studio Login 1-1,,false,,192,754,4,4,http://localhost:60190/profile/profile/getSkill,3,0,0
1659398222378,3,http://localhost:60190/profile/profile/getSkill,401,Unauthorized,MVP Studio Login 1-2,,false,,192,754,4,4,http://localhost:60190/profile/profile/getSkill,3,0,0
1659398222383,3,http://localhost:60190/profile/profile/getSkill,401,Unauthorized,MVP Studio Login 1-3,,false,,192,754,4,4,http://localhost:60190/profile/profile/getSkill,3,0,0
1659398222407,4,http://localhost:60190/profile/profile/getSkill,401,Unauthorized,MVP Studio Login 1-4,,false,,192,754,4,4,http://localhost:60190/profile/profile/getSkill,4,0,0
1659398222505,5,http://localhost:60190/profile/profile/getEducation,401,Unauthorized,MVP Studio Login 1-1,,false,,192,758,4,4,http://localhost:60190/profile/profile/getEducation,5,0,0
1659398222975,4,http://localhost:60190/profile/profile/getEducation,401,Unauthorized,MVP Studio Login 1-3,,false,,192,758,4,4,http://localhost:60190/profile/profile/getEducation,4,0,0
1659398222997,3,http://localhost:60190/profile/profile/getEducation,401,Unauthorized,MVP Studio Login 1-4,,false,,192,758,4,4,http://localhost:60190/profile/profile/getEducation,3,0,0
1659398223025,3,http://localhost:60190/profile/profile/getEducation,401,Unauthorized,MVP Studio Login 1-2,,false,,192,758,4,4,http://localhost:60190/profile/profile/getEducation,3,0,0
1659398223037,3,http://localhost:60190/profile/profile/getCertification,401,Unauthorized,MVP Studio Login 1-1,,false,,192,762,4,4,http://localhost:60190/profile/profile/getCertification,3,0,0
1659398223585,3,http://localhost:60190/profile/profile/getCertification,401,Unauthorized,MVP Studio Login 1-3,,false,,192,762,4,4,http://localhost:60190/profile/profile/getCertification,3,0,0
1659398223590,3,http://localhost:60190/profile/profile/getCertification,401,Unauthorized,MVP Studio Login 1-4,,false,,192,762,4,4,http://localhost:60190/profile/profile/getCertification,3,0,0
1659398223627,3,http://localhost:60190/profile/profile/getCertification,401,Unauthorized,MVP Studio Login 1-2,,false,,192,762,4,4,http://localhost:60190/profile/profile/getCertification,3,0,0
1659398223682,3,http://localhost:60190/profile/profile/getProfileDetails/?id=,401,Unauthorized,MVP Studio Login 1-1,,false,,192,740,4,4,http://localhost:60190/profile/profile/getProfileDetails/?id=,3,0,0
1659398217139,475,User Login,,"Number of samples in transaction : 11, number of failing samples : 9",MVP Studio Login 1-1,,false,,7101728,18724,4,4,null,142,6072,5
1659398224026,4,http://localhost:60190/profile/profile/getProfileDetails/?id=,401,Unauthorized,MVP Studio Login 1-3,,false,,192,740,3,3,http://localhost:60190/profile/profile/getProfileDetails/?id=,4,0,0
1659398217640,625,User Login,,"Number of samples in transaction : 11, number of failing samples : 9",MVP Studio Login 1-3,,false,,7101728,18724,3,3,null,149,5765,6
1659398224040,2,http://localhost:60190/profile/profile/getProfileDetails/?id=,401,Unauthorized,MVP Studio Login 1-2,,false,,192,740,2,2,http://localhost:60190/profile/profile/getProfileDetails/?id=,2,0,0
1659398217401,681,User Login,,"Number of samples in transaction : 11, number of failing samples : 10",MVP Studio Login 1-2,,false,,7101728,18724,2,2,null,141,5961,4
1659398224062,4,http://localhost:60190/profile/profile/getProfileDetails/?id=,401,Unauthorized,MVP Studio Login 1-4,,false,,192,740,1,1,http://localhost:60190/profile/profile/getProfileDetails/?id=,4,0,0
1659398217892,551,User Login,,"Number of samples in transaction : 11, number of failing samples : 9",MVP Studio Login 1-4,,false,,7101728,18724,1,1,null,142,5624,5
1659398302187,109,http://localhost:60968/authentication/authentication/signin,200,OK,MVP Studio Login 1-1,text,true,,492,557,2,2,http://localhost:60968/authentication/authentication/signin,109,0,2
1659398302630,108,http://localhost:60968/authentication/authentication/signin,200,OK,MVP Studio Login 1-2,text,true,,492,557,4,4,http://localhost:60968/authentication/authentication/signin,108,0,1
1659398302868,5,http://localhost:60190/profile/profile/isUserAuthenticated,401,Unauthorized,MVP Studio Login 1-1,,false,,192,765,4,4,http://localhost:60190/profile/profile/isUserAuthenticated,5,0,1
1659398302882,101,http://localhost:60968/authentication/authentication/signin,200,OK,MVP Studio Login 1-3,text,true,,492,557,4,4,http://localhost:60968/authentication/authentication/signin,101,0,1
1659398303045,103,http://localhost:60968/authentication/authentication/signin,200,OK,MVP Studio Login 1-4,text,true,,492,557,4,4,http://localhost:60968/authentication/authentication/signin,103,0,1
1659398303233,5,http://localhost:60190/profile/profile/isUserAuthenticated,401,Unauthorized,MVP Studio Login 1-2,,false,,192,765,4,4,http://localhost:60190/profile/profile/isUserAuthenticated,5,0,1
1659398303461,5,http://localhost:60190/profile/profile/isUserAuthenticated,401,Unauthorized,MVP Studio Login 1-4,,false,,192,765,4,4,http://localhost:60190/profile/profile/isUserAuthenticated,5,0,2
1659398303669,23,http://localhost:60190/profile/profile/isUserAuthenticated,401,Unauthorized,MVP Studio Login 1-3,,false,,192,765,4,4,http://localhost:60190/profile/profile/isUserAuthenticated,23,0,1
1659398303661,430,http://localhost:5000/Account/Profile,200,OK,MVP Studio Login 1-1,text,true,,7099508,11385,4,4,http://localhost:5000/Account/Profile,7,0,2
1659398303661,7,http://localhost:5000/Account/Profile-0,200,OK,MVP Studio Login 1-1,text,true,,2047,524,4,4,http://localhost:5000/Account/Profile,7,0,2
1659398303671,265,http://localhost:5000/Account/Profile-1,200,OK,MVP Studio Login 1-1,text,true,,4091,544,4,4,"https://fonts.googleapis.com/css?family=Montserrat:400,700",263,0,152
1659398303672,271,http://localhost:5000/Account/Profile-2,200,OK,MVP Studio Login 1-1,text,true,,3549,558,4,4,"https://fonts.googleapis.com/css?family=Lato:400,700,400italic,700italic",266,0,155
1659398303672,339,http://localhost:5000/Account/Profile-3,200,OK,MVP Studio Login 1-1,text,true,,793748,1096,4,4,http://localhost:5000/css/semantic.css,14,0,0
1659398303673,19,http://localhost:5000/Account/Profile-4,200,OK,MVP Studio Login 1-1,text,true,,17723,526,4,4,http://localhost:5000/css/MarsTheme.css,19,0,1
1659398303674,64,http://localhost:5000/Account/Profile-5,200,OK,MVP Studio Login 1-1,text,true,,412561,526,4,4,http://localhost:5000/css/scheduler.css,14,0,1
1659398303675,56,http://localhost:5000/Account/Profile-6,200,OK,MVP Studio Login 1-1,text,true,,278520,527,4,4,http://localhost:5000/js/jquery-3.2.1.js,18,0,1
1659398303693,67,http://localhost:5000/Account/Profile-7,200,OK,MVP Studio Login 1-1,text,true,,769533,523,4,4,http://localhost:5000/js/semantic.js,19,0,0
1659398303731,6,http://localhost:5000/Account/Profile-8,200,OK,MVP Studio Login 1-1,text,true,,3482,525,4,4,http://localhost:5000/util/Mars-lib.js,6,0,0
1659398303737,4,http://localhost:5000/Account/Profile-9,200,OK,MVP Studio Login 1-1,text,true,,8601,551,4,4,http://localhost:5000/util/NotificationFx/js/modernizr.custom.js,4,0,0
1659398303739,6,http://localhost:5000/Account/Profile-10,200,OK,MVP Studio Login 1-1,text,true,,2141,542,4,4,http://localhost:5000/util/NotificationFx/js/classie.js,6,0,0
1659398303741,9,http://localhost:5000/Account/Profile-11,200,OK,MVP Studio Login 1-1,text,true,,73407,547,4,4,http://localhost:5000/util/NotificationFx/js/snap.svg-min.js,6,0,0
1659398303745,5,http://localhost:5000/Account/Profile-12,200,OK,MVP Studio Login 1-1,text,true,,4407,549,4,4,http://localhost:5000/util/NotificationFx/js/notificationFx.js,5,0,0
1659398303751,2,http://localhost:5000/Account/Profile-13,200,OK,MVP Studio Login 1-1,text,true,,2037,546,4,4,http://localhost:5000/util/NotificationFx/css/normalize.css,2,0,0
1659398303751,3,http://localhost:5000/Account/Profile-14,200,OK,MVP Studio Login 1-1,text,true,,1619,547,4,4,http://localhost:5000/util/NotificationFx/css/ns-default.css,3,0,0
1659398303754,3,http://localhost:5000/Account/Profile-15,200,OK,MVP Studio Login 1-1,text,true,,5861,554,4,4,http://localhost:5000/util/NotificationFx/css/ns-style-attached.css,3,0,0
1659398303754,3,http://localhost:5000/Account/Profile-16,200,OK,MVP Studio Login 1-1,text,true,,5831,549,4,4,http://localhost:5000/util/NotificationFx/css/ns-style-bar.css,3,0,0
1659398303758,7,http://localhost:5000/Account/Profile-17,200,OK,MVP Studio Login 1-1,text,true,,45621,551,4,4,http://localhost:5000/util/NotificationFx/css/ns-style-growl.css,7,0,0
1659398303758,7,http://localhost:5000/Account/Profile-18,200,OK,MVP Studio Login 1-1,text,true,,29233,551,4,4,http://localhost:5000/util/NotificationFx/css/ns-style-other.css,7,0,0
1659398303760,331,http://localhost:5000/Account/Profile-19,200,OK,MVP Studio Login 1-1,text,true,,4635496,549,4,4,http://localhost:5000/js/react/dist/myAccountProfile.bundle.js,8,0,0
1659398303825,512,http://localhost:5000/Account/Profile,200,OK,MVP Studio Login 1-2,text,false,"The operation lasted too long: It took 512 milliseconds, but should not have lasted longer than 500 milliseconds.",7099508,11385,4,4,http://localhost:5000/Account/Profile,8,0,1
1659398303825,8,http://localhost:5000/Account/Profile-0,200,OK,MVP Studio Login 1-2,text,true,,2047,524,4,4,http://localhost:5000/Account/Profile,8,0,1
1659398303837,243,http://localhost:5000/Account/Profile-1,200,OK,MVP Studio Login 1-2,text,true,,4091,544,4,4,"https://fonts.googleapis.com/css?family=Montserrat:400,700",241,0,132
1659398303837,247,http://localhost:5000/Account/Profile-2,200,OK,MVP Studio Login 1-2,text,true,,3549,558,4,4,"https://fonts.googleapis.com/css?family=Lato:400,700,400italic,700italic",245,0,138
1659398303839,424,http://localhost:5000/Account/Profile-3,200,OK,MVP Studio Login 1-2,text,true,,793748,1096,4,4,http://localhost:5000/css/semantic.css,10,0,0
1659398303839,18,http://localhost:5000/Account/Profile-4,200,OK,MVP Studio Login 1-2,text,true,,17723,526,4,4,http://localhost:5000/css/MarsTheme.css,18,0,1
1659398303839,103,http://localhost:5000/Account/Profile-5,200,OK,MVP Studio Login 1-2,text,true,,412561,526,4,4,http://localhost:5000/css/scheduler.css,14,0,1
1659398303840,46,http://localhost:5000/Account/Profile-6,200,OK,MVP Studio Login 1-2,text,true,,278520,527,4,4,http://localhost:5000/js/jquery-3.2.1.js,16,0,1
1659398303858,180,http://localhost:5000/Account/Profile-7,200,OK,MVP Studio Login 1-2,text,true,,769533,523,4,4,http://localhost:5000/js/semantic.js,13,0,0
1659398303886,37,http://localhost:5000/Account/Profile-8,200,OK,MVP Studio Login 1-2,text,true,,3482,525,4,4,http://localhost:5000/util/Mars-lib.js,37,0,0
1659398303923,16,http://localhost:5000/Account/Profile-9,200,OK,MVP Studio Login 1-2,text,true,,8601,551,4,4,http://localhost:5000/util/NotificationFx/js/modernizr.custom.js,16,0,0
1659398303940,16,http://localhost:5000/Account/Profile-10,200,OK,MVP Studio Login 1-2,text,true,,2141,542,4,4,http://localhost:5000/util/NotificationFx/js/classie.js,16,0,0
1659398303944,22,http://localhost:5000/Account/Profile-11,200,OK,MVP Studio Login 1-2,text,true,,73407,547,4,4,http://localhost:5000/util/NotificationFx/js/snap.svg-min.js,14,0,0
1659398303957,9,http://localhost:5000/Account/Profile-12,200,OK,MVP Studio Login 1-2,text,true,,4407,549,4,4,http://localhost:5000/util/NotificationFx/js/notificationFx.js,9,0,0
1659398303966,14,http://localhost:5000/Account/Profile-13,200,OK,MVP Studio Login 1-2,text,true,,2037,546,4,4,http://localhost:5000/util/NotificationFx/css/normalize.css,14,0,0
1659398303966,14,http://localhost:5000/Account/Profile-14,200,OK,MVP Studio Login 1-2,text,true,,1619,547,4,4,http://localhost:5000/util/NotificationFx/css/ns-default.css,14,0,0
1659398303981,12,http://localhost:5000/Account/Profile-15,200,OK,MVP Studio Login 1-2,text,true,,5861,554,4,4,http://localhost:5000/util/NotificationFx/css/ns-style-attached.css,12,0,0
1659398303981,10,http://localhost:5000/Account/Profile-16,200,OK,MVP Studio Login 1-2,text,true,,5831,549,4,4,http://localhost:5000/util/NotificationFx/css/ns-style-bar.css,10,0,0
1659398303991,12,http://localhost:5000/Account/Profile-17,200,OK,MVP Studio Login 1-2,text,true,,45621,551,4,4,http://localhost:5000/util/NotificationFx/css/ns-style-growl.css,8,0,0
1659398303993,8,http://localhost:5000/Account/Profile-18,200,OK,MVP Studio Login 1-2,text,true,,29233,551,4,4,http://localhost:5000/util/NotificationFx/css/ns-style-other.css,8,0,0
1659398304002,335,http://localhost:5000/Account/Profile-19,200,OK,MVP Studio Login 1-2,text,true,,4635496,549,4,4,http://localhost:5000/js/react/dist/myAccountProfile.bundle.js,16,0,0
1659398303866,487,http://localhost:5000/Account/Profile,200,OK,MVP Studio Login 1-4,text,true,,7099508,11385,4,4,http://localhost:5000/Account/Profile,18,0,2
1659398303866,19,http://localhost:5000/Account/Profile-0,200,OK,MVP Studio Login 1-4,text,true,,2047,524,4,4,http://localhost:5000/Account/Profile,18,0,2
1659398303888,251,http://localhost:5000/Account/Profile-1,200,OK,MVP Studio Login 1-4,text,true,,4091,544,4,4,"https://fonts.googleapis.com/css?family=Montserrat:400,700",249,0,138
1659398303890,258,http://localhost:5000/Account/Profile-2,200,OK,MVP Studio Login 1-4,text,true,,3549,558,4,4,"https://fonts.googleapis.com/css?family=Lato:400,700,400italic,700italic",258,0,145
1659398303894,414,http://localhost:5000/Account/Profile-3,200,OK,MVP Studio Login 1-4,text,true,,793748,1096,4,4,http://localhost:5000/css/semantic.css,31,0,0
1659398303898,39,http://localhost:5000/Account/Profile-4,200,OK,MVP Studio Login 1-4,text,true,,17723,526,4,4,http://localhost:5000/css/MarsTheme.css,39,0,1
1659398303902,112,http://localhost:5000/Account/Profile-5,200,OK,MVP Studio Login 1-4,text,true,,412561,526,4,4,http://localhost:5000/css/scheduler.css,35,0,1
1659398303905,81,http://localhost:5000/Account/Profile-6,200,OK,MVP Studio Login 1-4,text,true,,278520,527,4,4,http://localhost:5000/js/jquery-3.2.1.js,29,0,1
1659398303937,126,http://localhost:5000/Account/Profile-7,200,OK,MVP Studio Login 1-4,text,true,,769533,523,4,4,http://localhost:5000/js/semantic.js,19,0,0
1659398303987,21,http://localhost:5000/Account/Profile-8,200,OK,MVP Studio Login 1-4,text,true,,3482,525,4,4,http://localhost:5000/util/Mars-lib.js,21,0,1
1659398304008,17,http://localhost:5000/Account/Profile-9,200,OK,MVP Studio Login 1-4,text,true,,8601,551,4,4,http://localhost:5000/util/NotificationFx/js/modernizr.custom.js,17,0,0
1659398304015,20,http://localhost:5000/Account/Profile-10,200,OK,MVP Studio Login 1-4,text,true,,2141,542,4,4,http://localhost:5000/util/NotificationFx/js/classie.js,20,0,0
1659398304025,19,http://localhost:5000/Account/Profile-11,200,OK,MVP Studio Login 1-4,text,true,,73407,547,4,4,http://localhost:5000/util/NotificationFx/js/snap.svg-min.js,15,0,0
1659398304035,8,http://localhost:5000/Account/Profile-12,200,OK,MVP Studio Login 1-4,text,true,,4407,549,4,4,http://localhost:5000/util/NotificationFx/js/notificationFx.js,8,0,0
1659398304044,6,http://localhost:5000/Account/Profile-13,200,OK,MVP Studio Login 1-4,text,true,,2037,546,4,4,http://localhost:5000/util/NotificationFx/css/normalize.css,6,0,0
1659398304044,7,http://localhost:5000/Account/Profile-14,200,OK,MVP Studio Login 1-4,text,true,,1619,547,4,4,http://localhost:5000/util/NotificationFx/css/ns-default.css,7,0,0
1659398304051,4,http://localhost:5000/Account/Profile-15,200,OK,MVP Studio Login 1-4,text,true,,5861,554,4,4,http://localhost:5000/util/NotificationFx/css/ns-style-attached.css,4,0,0
1659398304051,5,http://localhost:5000/Account/Profile-16,200,OK,MVP Studio Login 1-4,text,true,,5831,549,4,4,http://localhost:5000/util/NotificationFx/css/ns-style-bar.css,5,0,0
1659398304056,5,http://localhost:5000/Account/Profile-17,200,OK,MVP Studio Login 1-4,text,true,,45621,551,4,4,http://localhost:5000/util/NotificationFx/css/ns-style-growl.css,5,0,0
1659398304056,5,http://localhost:5000/Account/Profile-18,200,OK,MVP Studio Login 1-4,text,true,,29233,551,4,4,http://localhost:5000/util/NotificationFx/css/ns-style-other.css,5,0,0
1659398304061,292,http://localhost:5000/Account/Profile-19,200,OK,MVP Studio Login 1-4,text,true,,4635496,549,4,4,http://localhost:5000/js/react/dist/myAccountProfile.bundle.js,6,0,0
1659398304124,369,http://localhost:5000/Account/Profile,200,OK,MVP Studio Login 1-3,text,true,,7099508,11385,4,4,http://localhost:5000/Account/Profile,10,0,1
1659398304124,10,http://localhost:5000/Account/Profile-0,200,OK,MVP Studio Login 1-3,text,true,,2047,524,4,4,http://localhost:5000/Account/Profile,10,0,1
1659398304135,254,http://localhost:5000/Account/Profile-1,200,OK,MVP Studio Login 1-3,text,true,,4091,544,4,4,"https://fonts.googleapis.com/css?family=Montserrat:400,700",253,0,144
1659398304135,250,http://localhost:5000/Account/Profile-2,200,OK,MVP Studio Login 1-3,text,true,,3549,558,4,4,"https://fonts.googleapis.com/css?family=Lato:400,700,400italic,700italic",248,0,136
1659398304135,358,http://localhost:5000/Account/Profile-3,200,OK,MVP Studio Login 1-3,text,true,,793748,1096,4,4,http://localhost:5000/css/semantic.css,19,0,2
1659398304135,10,http://localhost:5000/Account/Profile-4,200,OK,MVP Studio Login 1-3,text,true,,17723,526,4,4,http://localhost:5000/css/MarsTheme.css,10,0,0
1659398304135,64,http://localhost:5000/Account/Profile-5,200,OK,MVP Studio Login 1-3,text,true,,412561,526,4,4,http://localhost:5000/css/scheduler.css,16,0,3
1659398304136,48,http://localhost:5000/Account/Profile-6,200,OK,MVP Studio Login 1-3,text,true,,278520,527,4,4,http://localhost:5000/js/jquery-3.2.1.js,16,0,1
1659398304146,104,http://localhost:5000/Account/Profile-7,200,OK,MVP Studio Login 1-3,text,true,,769533,523,4,4,http://localhost:5000/js/semantic.js,26,0,1
1659398304184,18,http://localhost:5000/Account/Profile-8,200,OK,MVP Studio Login 1-3,text,true,,3482,525,4,4,http://localhost:5000/util/Mars-lib.js,18,0,2
1659398304200,14,http://localhost:5000/Account/Profile-9,200,OK,MVP Studio Login 1-3,text,true,,8601,551,4,4,http://localhost:5000/util/NotificationFx/js/modernizr.custom.js,14,0,2
1659398304202,6,http://localhost:5000/Account/Profile-10,200,OK,MVP Studio Login 1-3,text,true,,2141,542,4,4,http://localhost:5000/util/NotificationFx/js/classie.js,6,0,0
1659398304209,19,http://localhost:5000/Account/Profile-11,200,OK,MVP Studio Login 1-3,text,true,,73407,547,4,4,http://localhost:5000/util/NotificationFx/js/snap.svg-min.js,11,0,0
1659398304214,12,http://localhost:5000/Account/Profile-12,200,OK,MVP Studio Login 1-3,text,true,,4407,549,4,4,http://localhost:5000/util/NotificationFx/js/notificationFx.js,12,0,0
1659398304227,5,http://localhost:5000/Account/Profile-13,200,OK,MVP Studio Login 1-3,text,true,,2037,546,4,4,http://localhost:5000/util/NotificationFx/css/normalize.css,5,0,0
1659398304229,6,http://localhost:5000/Account/Profile-14,200,OK,MVP Studio Login 1-3,text,true,,1619,547,4,4,http://localhost:5000/util/NotificationFx/css/ns-default.css,6,0,0
1659398304233,8,http://localhost:5000/Account/Profile-15,200,OK,MVP Studio Login 1-3,text,true,,5861,554,4,4,http://localhost:5000/util/NotificationFx/css/ns-style-attached.css,8,0,0
1659398304236,6,http://localhost:5000/Account/Profile-16,200,OK,MVP Studio Login 1-3,text,true,,5831,549,4,4,http://localhost:5000/util/NotificationFx/css/ns-style-bar.css,6,0,0
1659398304241,11,http://localhost:5000/Account/Profile-17,200,OK,MVP Studio Login 1-3,text,true,,45621,551,4,4,http://localhost:5000/util/NotificationFx/css/ns-style-growl.css,7,0,0
1659398304242,6,http://localhost:5000/Account/Profile-18,200,OK,MVP Studio Login 1-3,text,true,,29233,551,4,4,http://localhost:5000/util/NotificationFx/css/ns-style-other.css,6,0,0
1659398304249,166,http://localhost:5000/Account/Profile-19,200,OK,MVP Studio Login 1-3,text,true,,4635496,549,4,4,http://localhost:5000/js/react/dist/myAccountProfile.bundle.js,6,0,0
1659398304565,5,http://localhost:60190/notification/notification/getNotification?numberOfNotifications=5,401,Unauthorized,MVP Studio Login 1-1,,false,,192,767,4,4,http://localhost:60190/notification/notification/getNotification?numberOfNotifications=5,5,0,0
1659398304805,4,http://localhost:60190/notification/notification/getNotification?numberOfNotifications=5,401,Unauthorized,MVP Studio Login 1-3,,false,,192,767,4,4,http://localhost:60190/notification/notification/getNotification?numberOfNotifications=5,4,0,0
1659398304858,4,http://localhost:60190/notification/notification/getNotification?numberOfNotifications=5,401,Unauthorized,MVP Studio Login 1-4,,false,,192,767,4,4,http://localhost:60190/notification/notification/getNotification?numberOfNotifications=5,4,0,0
1659398304970,3,http://localhost:60190/notification/notification/getNotification?numberOfNotifications=5,401,Unauthorized,MVP Studio Login 1-2,,false,,192,767,4,4,http://localhost:60190/notification/notification/getNotification?numberOfNotifications=5,3,0,0
1659398305229,4,http://localhost:60190/notification/notification/getNewNotificationCount,401,Unauthorized,MVP Studio Login 1-1,,false,,192,751,4,4,http://localhost:60190/notification/notification/getNewNotificationCount,4,0,0
1659398305284,4,http://localhost:60190/notification/notification/getNewNotificationCount,401,Unauthorized,MVP Studio Login 1-4,,false,,192,751,4,4,http://localhost:60190/notification/notification/getNewNotificationCount,4,0,0
1659398305375,4,http://localhost:60190/notification/notification/getNewNotificationCount,401,Unauthorized,MVP Studio Login 1-3,,false,,192,751,4,4,http://localhost:60190/notification/notification/getNewNotificationCount,4,0,0
1659398305597,5,http://localhost:60190/notification/notification/getNewNotificationCount,401,Unauthorized,MVP Studio Login 1-2,,false,,192,751,4,4,http://localhost:60190/notification/notification/getNewNotificationCount,5,0,0
1659398305732,6,http://localhost:51689/listing/listing/getBalance,401,Unauthorized,MVP Studio Login 1-1,,false,,192,728,4,4,http://localhost:51689/listing/listing/getBalance,6,0,1
1659398305850,5,http://localhost:51689/listing/listing/getBalance,401,Unauthorized,MVP Studio Login 1-3,,false,,192,728,4,4,http://localhost:51689/listing/listing/getBalance,5,0,1
1659398306013,5,http://localhost:51689/listing/listing/getBalance,401,Unauthorized,MVP Studio Login 1-2,,false,,192,728,4,4,http://localhost:51689/listing/listing/getBalance,5,0,2
1659398306024,5,http://localhost:51689/listing/listing/getBalance,401,Unauthorized,MVP Studio Login 1-4,,false,,192,728,4,4,http://localhost:51689/listing/listing/getBalance,5,0,1
1659398306255,4,http://localhost:60190/profile/profile/getLanguage,401,Unauthorized,MVP Studio Login 1-3,,false,,192,757,4,4,http://localhost:60190/profile/profile/getLanguage,4,0,0
1659398306271,3,http://localhost:60190/profile/profile/getLanguage,401,Unauthorized,MVP Studio Login 1-1,,false,,192,757,4,4,http://localhost:60190/profile/profile/getLanguage,3,0,0
1659398306380,4,http://localhost:60190/profile/profile/getLanguage,401,Unauthorized,MVP Studio Login 1-2,,false,,192,757,4,4,http://localhost:60190/profile/profile/getLanguage,4,0,0
1659398306591,6,http://localhost:60190/profile/profile/getLanguage,401,Unauthorized,MVP Studio Login 1-4,,false,,192,757,4,4,http://localhost:60190/profile/profile/getLanguage,6,0,0
1659398306771,6,http://localhost:60190/profile/profile/getSkill,401,Unauthorized,MVP Studio Login 1-1,,false,,192,754,4,4,http://localhost:60190/profile/profile/getSkill,6,0,0
1659398306809,6,http://localhost:60190/profile/profile/getSkill,401,Unauthorized,MVP Studio Login 1-2,,false,,192,754,4,4,http://localhost:60190/profile/profile/getSkill,6,0,0
1659398306839,4,http://localhost:60190/profile/profile/getSkill,401,Unauthorized,MVP Studio Login 1-3,,false,,192,754,4,4,http://localhost:60190/profile/profile/getSkill,4,0,0
1659398307127,5,http://localhost:60190/profile/profile/getSkill,401,Unauthorized,MVP Studio Login 1-4,,false,,192,754,4,4,http://localhost:60190/profile/profile/getSkill,5,0,0
1659398307343,4,http://localhost:60190/profile/profile/getEducation,401,Unauthorized,MVP Studio Login 1-2,,false,,192,758,4,4,http://localhost:60190/profile/profile/getEducation,4,0,0
1659398307433,6,http://localhost:60190/profile/profile/getEducation,401,Unauthorized,MVP Studio Login 1-3,,false,,192,758,4,4,http://localhost:60190/profile/profile/getEducation,6,0,0
1659398307455,4,http://localhost:60190/profile/profile/getEducation,401,Unauthorized,MVP Studio Login 1-1,,false,,192,758,4,4,http://localhost:60190/profile/profile/getEducation,4,0,0
1659398307508,4,http://localhost:60190/profile/profile/getEducation,401,Unauthorized,MVP Studio Login 1-4,,false,,192,758,4,4,http://localhost:60190/profile/profile/getEducation,4,0,0
1659398307757,4,http://localhost:60190/profile/profile/getCertification,401,Unauthorized,MVP Studio Login 1-2,,false,,192,762,4,4,http://localhost:60190/profile/profile/getCertification,4,0,0
1659398307872,3,http://localhost:60190/profile/profile/getCertification,401,Unauthorized,MVP Studio Login 1-4,,false,,192,762,4,4,http://localhost:60190/profile/profile/getCertification,3,0,0
1659398307989,3,http://localhost:60190/profile/profile/getCertification,401,Unauthorized,MVP Studio Login 1-3,,false,,192,762,4,4,http://localhost:60190/profile/profile/getCertification,3,0,0
1659398307998,3,http://localhost:60190/profile/profile/getCertification,401,Unauthorized,MVP Studio Login 1-1,,false,,192,762,4,4,http://localhost:60190/profile/profile/getCertification,3,0,0
1659398308105,4,http://localhost:60190/profile/profile/getProfileDetails/?id=,401,Unauthorized,MVP Studio Login 1-2,,false,,192,740,4,4,http://localhost:60190/profile/profile/getProfileDetails/?id=,4,0,0
1659398302126,660,User Login,,"Number of samples in transaction : 11, number of failing samples : 10",MVP Studio Login 1-2,,false,,7101728,18724,4,4,null,156,5324,5
1659398308402,4,http://localhost:60190/profile/profile/getProfileDetails/?id=,401,Unauthorized,MVP Studio Login 1-4,,false,,192,740,3,3,http://localhost:60190/profile/profile/getProfileDetails/?id=,4,0,0
1659398302615,630,User Login,,"Number of samples in transaction : 11, number of failing samples : 9",MVP Studio Login 1-4,,false,,7101728,18724,3,3,null,161,5161,6
1659398308549,3,http://localhost:60190/profile/profile/getProfileDetails/?id=,401,Unauthorized,MVP Studio Login 1-3,,false,,192,740,2,2,http://localhost:60190/profile/profile/getProfileDetails/?id=,3,0,0
1659398302366,526,User Login,,"Number of samples in transaction : 11, number of failing samples : 9",MVP Studio Login 1-3,,false,,7101728,18724,2,2,null,167,5660,4
1659398308706,4,http://localhost:60190/profile/profile/getProfileDetails/?id=,401,Unauthorized,MVP Studio Login 1-1,,false,,192,740,1,1,http://localhost:60190/profile/profile/getProfileDetails/?id=,4,0,0
1659398301863,579,User Login,,"Number of samples in transaction : 11, number of failing samples : 9",MVP Studio Login 1-1,,false,,7101728,18724,1,1,null,156,6268,6
1659398616277,111,http://localhost:60968/authentication/authentication/signin,200,OK,MVP Studio Login 1-1,text,true,,492,557,3,3,http://localhost:60968/authentication/authentication/signin,111,0,1
1659398616489,112,http://localhost:60968/authentication/authentication/signin,200,OK,MVP Studio Login 1-2,text,true,,492,557,4,4,http://localhost:60968/authentication/authentication/signin,112,0,2
1659398616808,95,http://localhost:60968/authentication/authentication/signin,200,OK,MVP Studio Login 1-3,text,true,,492,557,4,4,http://localhost:60968/authentication/authentication/signin,95,0,1
1659398616905,5,http://localhost:60190/profile/profile/isUserAuthenticated,401,Unauthorized,MVP Studio Login 1-1,,false,,192,765,4,4,http://localhost:60190/profile/profile/isUserAuthenticated,5,0,1
1659398616924,4,http://localhost:60190/profile/profile/isUserAuthenticated,401,Unauthorized,MVP Studio Login 1-2,,false,,192,765,4,4,http://localhost:60190/profile/profile/isUserAuthenticated,4,0,0
1659398617014,93,http://localhost:60968/authentication/authentication/signin,200,OK,MVP Studio Login 1-4,text,true,,492,557,4,4,http://localhost:60968/authentication/authentication/signin,93,0,1
1659398617508,29,http://localhost:60190/profile/profile/isUserAuthenticated,401,Unauthorized,MVP Studio Login 1-3,,false,,192,765,4,4,http://localhost:60190/profile/profile/isUserAuthenticated,29,0,0
1659398617513,25,http://localhost:60190/profile/profile/isUserAuthenticated,401,Unauthorized,MVP Studio Login 1-4,,false,,192,765,4,4,http://localhost:60190/profile/profile/isUserAuthenticated,25,0,3
1659398617276,432,http://localhost:5000/Account/Profile,200,OK,MVP Studio Login 1-1,text,true,,7099508,11385,4,4,http://localhost:5000/Account/Profile,6,0,1
1659398617276,7,http://localhost:5000/Account/Profile-0,200,OK,MVP Studio Login 1-1,text,true,,2047,524,4,4,http://localhost:5000/Account/Profile,6,0,1
1659398617284,265,http://localhost:5000/Account/Profile-1,200,OK,MVP Studio Login 1-1,text,true,,4091,544,4,4,"https://fonts.googleapis.com/css?family=Montserrat:400,700",264,0,151
1659398617285,273,http://localhost:5000/Account/Profile-2,200,OK,MVP Studio Login 1-1,text,true,,3549,558,4,4,"https://fonts.googleapis.com/css?family=Lato:400,700,400italic,700italic",270,0,160
1659398617285,423,http://localhost:5000/Account/Profile-3,200,OK,MVP Studio Login 1-1,text,true,,793748,1096,4,4,http://localhost:5000/css/semantic.css,10,0,0
1659398617285,14,http://localhost:5000/Account/Profile-4,200,OK,MVP Studio Login 1-1,text,true,,17723,526,4,4,http://localhost:5000/css/MarsTheme.css,14,0,1
1659398617286,82,http://localhost:5000/Account/Profile-5,200,OK,MVP Studio Login 1-1,text,true,,412561,526,4,4,http://localhost:5000/css/scheduler.css,11,0,1
1659398617288,62,http://localhost:5000/Account/Profile-6,200,OK,MVP Studio Login 1-1,text,true,,278520,527,4,4,http://localhost:5000/js/jquery-3.2.1.js,12,0,1
1659398617300,167,http://localhost:5000/Account/Profile-7,200,OK,MVP Studio Login 1-1,text,true,,769533,523,4,4,http://localhost:5000/js/semantic.js,16,0,0
1659398617350,13,http://localhost:5000/Account/Profile-8,200,OK,MVP Studio Login 1-1,text,true,,3482,525,4,4,http://localhost:5000/util/Mars-lib.js,13,0,0
1659398617364,20,http://localhost:5000/Account/Profile-9,200,OK,MVP Studio Login 1-1,text,true,,8601,551,4,4,http://localhost:5000/util/NotificationFx/js/modernizr.custom.js,20,0,0
1659398617369,21,http://localhost:5000/Account/Profile-10,200,OK,MVP Studio Login 1-1,text,true,,2141,542,4,4,http://localhost:5000/util/NotificationFx/js/classie.js,21,0,0
1659398617384,31,http://localhost:5000/Account/Profile-11,200,OK,MVP Studio Login 1-1,text,true,,73407,547,4,4,http://localhost:5000/util/NotificationFx/js/snap.svg-min.js,13,0,0
1659398617390,18,http://localhost:5000/Account/Profile-12,200,OK,MVP Studio Login 1-1,text,true,,4407,549,4,4,http://localhost:5000/util/NotificationFx/js/notificationFx.js,18,0,0
1659398617408,12,http://localhost:5000/Account/Profile-13,200,OK,MVP Studio Login 1-1,text,true,,2037,546,4,4,http://localhost:5000/util/NotificationFx/css/normalize.css,12,0,0
1659398617416,10,http://localhost:5000/Account/Profile-14,200,OK,MVP Studio Login 1-1,text,true,,1619,547,4,4,http://localhost:5000/util/NotificationFx/css/ns-default.css,10,0,0
1659398617421,9,http://localhost:5000/Account/Profile-15,200,OK,MVP Studio Login 1-1,text,true,,5861,554,4,4,http://localhost:5000/util/NotificationFx/css/ns-style-attached.css,9,0,0
1659398617426,9,http://localhost:5000/Account/Profile-16,200,OK,MVP Studio Login 1-1,text,true,,5831,549,4,4,http://localhost:5000/util/NotificationFx/css/ns-style-bar.css,9,0,0
1659398617430,15,http://localhost:5000/Account/Profile-17,200,OK,MVP Studio Login 1-1,text,true,,45621,551,4,4,http://localhost:5000/util/NotificationFx/css/ns-style-growl.css,15,0,0
1659398617436,28,http://localhost:5000/Account/Profile-18,200,OK,MVP Studio Login 1-1,text,true,,29233,551,4,4,http://localhost:5000/util/NotificationFx/css/ns-style-other.css,28,0,0
1659398617446,241,http://localhost:5000/Account/Profile-19,200,OK,MVP Studio Login 1-1,text,true,,4635496,549,4,4,http://localhost:5000/js/react/dist/myAccountProfile.bundle.js,21,0,0
1659398617325,428,http://localhost:5000/Account/Profile,200,OK,MVP Studio Login 1-2,text,true,,7099508,11385,4,4,http://localhost:5000/Account/Profile,24,0,2
1659398617325,24,http://localhost:5000/Account/Profile-0,200,OK,MVP Studio Login 1-2,text,true,,2047,524,4,4,http://localhost:5000/Account/Profile,24,0,2
1659398617351,255,http://localhost:5000/Account/Profile-1,200,OK,MVP Studio Login 1-2,text,true,,4091,544,4,4,"https://fonts.googleapis.com/css?family=Montserrat:400,700",252,0,145
1659398617351,256,http://localhost:5000/Account/Profile-2,200,OK,MVP Studio Login 1-2,text,true,,3549,558,4,4,"https://fonts.googleapis.com/css?family=Lato:400,700,400italic,700italic",254,0,139
1659398617352,401,http://localhost:5000/Account/Profile-3,200,OK,MVP Studio Login 1-2,text,true,,793748,1096,4,4,http://localhost:5000/css/semantic.css,12,0,0
1659398617354,22,http://localhost:5000/Account/Profile-4,200,OK,MVP Studio Login 1-2,text,true,,17723,526,4,4,http://localhost:5000/css/MarsTheme.css,22,0,2
1659398617355,98,http://localhost:5000/Account/Profile-5,200,OK,MVP Studio Login 1-2,text,true,,412561,526,4,4,http://localhost:5000/css/scheduler.css,21,0,2
1659398617355,75,http://localhost:5000/Account/Profile-6,200,OK,MVP Studio Login 1-2,text,true,,278520,527,4,4,http://localhost:5000/js/jquery-3.2.1.js,28,0,1
1659398617377,153,http://localhost:5000/Account/Profile-7,200,OK,MVP Studio Login 1-2,text,true,,769533,523,4,4,http://localhost:5000/js/semantic.js,17,0,0
1659398617430,14,http://localhost:5000/Account/Profile-8,200,OK,MVP Studio Login 1-2,text,true,,3482,525,4,4,http://localhost:5000/util/Mars-lib.js,14,0,0
1659398617444,23,http://localhost:5000/Account/Profile-9,200,OK,MVP Studio Login 1-2,text,true,,8601,551,4,4,http://localhost:5000/util/NotificationFx/js/modernizr.custom.js,23,0,0
1659398617455,11,http://localhost:5000/Account/Profile-10,200,OK,MVP Studio Login 1-2,text,true,,2141,542,4,4,http://localhost:5000/util/NotificationFx/js/classie.js,11,0,0
1659398617466,19,http://localhost:5000/Account/Profile-11,200,OK,MVP Studio Login 1-2,text,true,,73407,547,4,4,http://localhost:5000/util/NotificationFx/js/snap.svg-min.js,8,0,0
1659398617467,12,http://localhost:5000/Account/Profile-12,200,OK,MVP Studio Login 1-2,text,true,,4407,549,4,4,http://localhost:5000/util/NotificationFx/js/notificationFx.js,12,0,0
1659398617479,11,http://localhost:5000/Account/Profile-13,200,OK,MVP Studio Login 1-2,text,true,,2037,546,4,4,http://localhost:5000/util/NotificationFx/css/normalize.css,11,0,0
1659398617486,11,http://localhost:5000/Account/Profile-14,200,OK,MVP Studio Login 1-2,text,true,,1619,547,4,4,http://localhost:5000/util/NotificationFx/css/ns-default.css,11,0,0
1659398617490,8,http://localhost:5000/Account/Profile-15,200,OK,MVP Studio Login 1-2,text,true,,5861,554,4,4,http://localhost:5000/util/NotificationFx/css/ns-style-attached.css,8,0,0
1659398617498,6,http://localhost:5000/Account/Profile-16,200,OK,MVP Studio Login 1-2,text,true,,5831,549,4,4,http://localhost:5000/util/NotificationFx/css/ns-style-bar.css,6,0,0
1659398617498,11,http://localhost:5000/Account/Profile-17,200,OK,MVP Studio Login 1-2,text,true,,45621,551,4,4,http://localhost:5000/util/NotificationFx/css/ns-style-growl.css,11,0,0
1659398617505,12,http://localhost:5000/Account/Profile-18,200,OK,MVP Studio Login 1-2,text,true,,29233,551,4,4,http://localhost:5000/util/NotificationFx/css/ns-style-other.css,12,0,0
1659398617510,188,http://localhost:5000/Account/Profile-19,200,OK,MVP Studio Login 1-2,text,true,,4635496,549,4,4,http://localhost:5000/js/react/dist/myAccountProfile.bundle.js,19,0,0
1659398617773,343,http://localhost:5000/Account/Profile,200,OK,MVP Studio Login 1-4,text,true,,7099508,11385,4,4,http://localhost:5000/Account/Profile,5,0,1
1659398617773,5,http://localhost:5000/Account/Profile-0,200,OK,MVP Studio Login 1-4,text,true,,2047,524,4,4,http://localhost:5000/Account/Profile,5,0,1
1659398617780,257,http://localhost:5000/Account/Profile-1,200,OK,MVP Studio Login 1-4,text,true,,4091,544,4,4,"https://fonts.googleapis.com/css?family=Montserrat:400,700",257,0,143
1659398617780,257,http://localhost:5000/Account/Profile-2,200,OK,MVP Studio Login 1-4,text,true,,3549,558,4,4,"https://fonts.googleapis.com/css?family=Lato:400,700,400italic,700italic",257,0,138
1659398617780,336,http://localhost:5000/Account/Profile-3,200,OK,MVP Studio Login 1-4,text,true,,793748,1096,4,4,http://localhost:5000/css/semantic.css,8,0,0
1659398617780,11,http://localhost:5000/Account/Profile-4,200,OK,MVP Studio Login 1-4,text,true,,17723,526,4,4,http://localhost:5000/css/MarsTheme.css,11,0,2
1659398617780,58,http://localhost:5000/Account/Profile-5,200,OK,MVP Studio Login 1-4,text,true,,412561,526,4,4,http://localhost:5000/css/scheduler.css,11,0,1
1659398617782,47,http://localhost:5000/Account/Profile-6,200,OK,MVP Studio Login 1-4,text,true,,278520,527,4,4,http://localhost:5000/js/jquery-3.2.1.js,12,0,1
1659398617792,93,http://localhost:5000/Account/Profile-7,200,OK,MVP Studio Login 1-4,text,true,,769533,523,4,4,http://localhost:5000/js/semantic.js,19,0,1
1659398617830,15,http://localhost:5000/Account/Profile-8,200,OK,MVP Studio Login 1-4,text,true,,3482,525,4,4,http://localhost:5000/util/Mars-lib.js,15,0,1
1659398617840,13,http://localhost:5000/Account/Profile-9,200,OK,MVP Studio Login 1-4,text,true,,8601,551,4,4,http://localhost:5000/util/NotificationFx/js/modernizr.custom.js,13,0,1
1659398617845,7,http://localhost:5000/Account/Profile-10,200,OK,MVP Studio Login 1-4,text,true,,2141,542,4,4,http://localhost:5000/util/NotificationFx/js/classie.js,7,0,0
1659398617852,14,http://localhost:5000/Account/Profile-11,200,OK,MVP Studio Login 1-4,text,true,,73407,547,4,4,http://localhost:5000/util/NotificationFx/js/snap.svg-min.js,8,0,0
1659398617854,5,http://localhost:5000/Account/Profile-12,200,OK,MVP Studio Login 1-4,text,true,,4407,549,4,4,http://localhost:5000/util/NotificationFx/js/notificationFx.js,5,0,0
1659398617860,5,http://localhost:5000/Account/Profile-13,200,OK,MVP Studio Login 1-4,text,true,,2037,546,4,4,http://localhost:5000/util/NotificationFx/css/normalize.css,5,0,0
1659398617865,7,http://localhost:5000/Account/Profile-14,200,OK,MVP Studio Login 1-4,text,true,,1619,547,4,4,http://localhost:5000/util/NotificationFx/css/ns-default.css,6,0,0
1659398617866,5,http://localhost:5000/Account/Profile-15,200,OK,MVP Studio Login 1-4,text,true,,5861,554,4,4,http://localhost:5000/util/NotificationFx/css/ns-style-attached.css,5,0,0
1659398617872,9,http://localhost:5000/Account/Profile-16,200,OK,MVP Studio Login 1-4,text,true,,5831,549,4,4,http://localhost:5000/util/NotificationFx/css/ns-style-bar.css,9,0,2
1659398617872,8,http://localhost:5000/Account/Profile-17,200,OK,MVP Studio Login 1-4,text,true,,45621,551,4,4,http://localhost:5000/util/NotificationFx/css/ns-style-growl.css,8,0,0
1659398617881,6,http://localhost:5000/Account/Profile-18,200,OK,MVP Studio Login 1-4,text,true,,29233,551,4,4,http://localhost:5000/util/NotificationFx/css/ns-style-other.css,5,0,0
1659398617882,154,http://localhost:5000/Account/Profile-19,200,OK,MVP Studio Login 1-4,text,true,,4635496,549,4,4,http://localhost:5000/js/react/dist/myAccountProfile.bundle.js,10,0,0
1659398618230,4,http://localhost:60190/notification/notification/getNotification?numberOfNotifications=5,401,Unauthorized,MVP Studio Login 1-2,,false,,192,767,4,4,http://localhost:60190/notification/notification/getNotification?numberOfNotifications=5,4,0,0
1659398618323,8,http://localhost:60190/notification/notification/getNotification?numberOfNotifications=5,401,Unauthorized,MVP Studio Login 1-1,,false,,192,767,4,4,http://localhost:60190/notification/notification/getNotification?numberOfNotifications=5,8,0,0
1659398618428,4,http://localhost:60190/notification/notification/getNotification?numberOfNotifications=5,401,Unauthorized,MVP Studio Login 1-4,,false,,192,767,4,4,http://localhost:60190/notification/notification/getNotification?numberOfNotifications=5,4,0,0
1659398618256,329,http://localhost:5000/Account/Profile,200,OK,MVP Studio Login 1-3,text,true,,7099508,11385,4,4,http://localhost:5000/Account/Profile,5,0,1
1659398618256,5,http://localhost:5000/Account/Profile-0,200,OK,MVP Studio Login 1-3,text,true,,2047,524,4,4,http://localhost:5000/Account/Profile,5,0,1
1659398618262,255,http://localhost:5000/Account/Profile-1,200,OK,MVP Studio Login 1-3,text,true,,4091,544,4,4,"https://fonts.googleapis.com/css?family=Montserrat:400,700",251,0,143
1659398618262,249,http://localhost:5000/Account/Profile-2,200,OK,MVP Studio Login 1-3,text,true,,3549,558,4,4,"https://fonts.googleapis.com/css?family=Lato:400,700,400italic,700italic",247,0,132
1659398618262,323,http://localhost:5000/Account/Profile-3,200,OK,MVP Studio Login 1-3,text,true,,793748,1096,4,4,http://localhost:5000/css/semantic.css,8,0,2
1659398618262,5,http://localhost:5000/Account/Profile-4,200,OK,MVP Studio Login 1-3,text,true,,17723,526,4,4,http://localhost:5000/css/MarsTheme.css,5,0,0
1659398618262,49,http://localhost:5000/Account/Profile-5,200,OK,MVP Studio Login 1-3,text,true,,412561,526,4,4,http://localhost:5000/css/scheduler.css,10,0,1
1659398618263,42,http://localhost:5000/Account/Profile-6,200,OK,MVP Studio Login 1-3,text,true,,278520,527,4,4,http://localhost:5000/js/jquery-3.2.1.js,13,0,1
1659398618268,84,http://localhost:5000/Account/Profile-7,200,OK,MVP Studio Login 1-3,text,true,,769533,523,4,4,http://localhost:5000/js/semantic.js,22,0,1
1659398618305,11,http://localhost:5000/Account/Profile-8,200,OK,MVP Studio Login 1-3,text,true,,3482,525,4,4,http://localhost:5000/util/Mars-lib.js,11,0,2
1659398618313,10,http://localhost:5000/Account/Profile-9,200,OK,MVP Studio Login 1-3,text,true,,8601,551,4,4,http://localhost:5000/util/NotificationFx/js/modernizr.custom.js,10,0,2
1659398618316,7,http://localhost:5000/Account/Profile-10,200,OK,MVP Studio Login 1-3,text,true,,2141,542,4,4,http://localhost:5000/util/NotificationFx/js/classie.js,7,0,0
1659398618323,12,http://localhost:5000/Account/Profile-11,200,OK,MVP Studio Login 1-3,text,true,,73407,547,4,4,http://localhost:5000/util/NotificationFx/js/snap.svg-min.js,8,0,0
1659398618323,6,http://localhost:5000/Account/Profile-12,200,OK,MVP Studio Login 1-3,text,true,,4407,549,4,4,http://localhost:5000/util/NotificationFx/js/notificationFx.js,6,0,0
1659398618329,6,http://localhost:5000/Account/Profile-13,200,OK,MVP Studio Login 1-3,text,true,,2037,546,4,4,http://localhost:5000/util/NotificationFx/css/normalize.css,6,0,0
1659398618335,6,http://localhost:5000/Account/Profile-14,200,OK,MVP Studio Login 1-3,text,true,,1619,547,4,4,http://localhost:5000/util/NotificationFx/css/ns-default.css,6,0,0
1659398618335,5,http://localhost:5000/Account/Profile-15,200,OK,MVP Studio Login 1-3,text,true,,5861,554,4,4,http://localhost:5000/util/NotificationFx/css/ns-style-attached.css,5,0,0
1659398618341,6,http://localhost:5000/Account/Profile-16,200,OK,MVP Studio Login 1-3,text,true,,5831,549,4,4,http://localhost:5000/util/NotificationFx/css/ns-style-bar.css,6,0,0
1659398618341,12,http://localhost:5000/Account/Profile-17,200,OK,MVP Studio Login 1-3,text,true,,45621,551,4,4,http://localhost:5000/util/NotificationFx/css/ns-style-growl.css,12,0,1
1659398618347,18,http://localhost:5000/Account/Profile-18,200,OK,MVP Studio Login 1-3,text,true,,29233,551,4,4,http://localhost:5000/util/NotificationFx/css/ns-style-other.css,17,0,0
1659398618352,129,http://localhost:5000/Account/Profile-19,200,OK,MVP Studio Login 1-3,text,true,,4635496,549,4,4,http://localhost:5000/js/react/dist/myAccountProfile.bundle.js,12,0,0
1659398618646,5,http://localhost:60190/notification/notification/getNewNotificationCount,401,Unauthorized,MVP Studio Login 1-2,,false,,192,751,4,4,http://localhost:60190/notification/notification/getNewNotificationCount,5,0,0
1659398618886,5,http://localhost:60190/notification/notification/getNewNotificationCount,401,Unauthorized,MVP Studio Login 1-1,,false,,192,751,4,4,http://localhost:60190/notification/notification/getNewNotificationCount,5,0,0
1659398619026,5,http://localhost:60190/notification/notification/getNewNotificationCount,401,Unauthorized,MVP Studio Login 1-4,,false,,192,751,4,4,http://localhost:60190/notification/notification/getNewNotificationCount,5,0,0
1659398619124,6,http://localhost:51689/listing/listing/getBalance,401,Unauthorized,MVP Studio Login 1-2,,false,,192,728,4,4,http://localhost:51689/listing/listing/getBalance,6,0,1
1659398619253,3,http://localhost:60190/notification/notification/getNotification?numberOfNotifications=5,401,Unauthorized,MVP Studio Login 1-3,,false,,192,767,4,4,http://localhost:60190/notification/notification/getNotification?numberOfNotifications=5,3,0,0
1659398619360,5,http://localhost:51689/listing/listing/getBalance,401,Unauthorized,MVP Studio Login 1-1,,false,,192,728,4,4,http://localhost:51689/listing/listing/getBalance,5,0,1
1659398619537,7,http://localhost:51689/listing/listing/getBalance,401,Unauthorized,MVP Studio Login 1-4,,false,,192,728,4,4,http://localhost:51689/listing/listing/getBalance,7,0,1
1659398619541,4,http://localhost:60190/profile/profile/getLanguage,401,Unauthorized,MVP Studio Login 1-2,,false,,192,757,4,4,http://localhost:60190/profile/profile/getLanguage,4,0,0
1659398619646,4,http://localhost:60190/notification/notification/getNewNotificationCount,401,Unauthorized,MVP Studio Login 1-3,,false,,192,751,4,4,http://localhost:60190/notification/notification/getNewNotificationCount,4,0,0
1659398619883,4,http://localhost:60190/profile/profile/getLanguage,401,Unauthorized,MVP Studio Login 1-1,,false,,192,757,4,4,http://localhost:60190/profile/profile/getLanguage,4,0,0
1659398619901,5,http://localhost:60190/profile/profile/getLanguage,401,Unauthorized,MVP Studio Login 1-4,,false,,192,757,4,4,http://localhost:60190/profile/profile/getLanguage,5,0,0
1659398620126,3,http://localhost:60190/profile/profile/getSkill,401,Unauthorized,MVP Studio Login 1-2,,false,,192,754,4,4,http://localhost:60190/profile/profile/getSkill,3,0,0
1659398620295,5,http://localhost:51689/listing/listing/getBalance,401,Unauthorized,MVP Studio Login 1-3,,false,,192,728,4,4,http://localhost:51689/listing/listing/getBalance,5,0,1
1659398620319,4,http://localhost:60190/profile/profile/getSkill,401,Unauthorized,MVP Studio Login 1-1,,false,,192,754,4,4,http://localhost:60190/profile/profile/getSkill,4,0,0
1659398620426,3,http://localhost:60190/profile/profile/getSkill,401,Unauthorized,MVP Studio Login 1-4,,false,,192,754,4,4,http://localhost:60190/profile/profile/getSkill,3,0,0
1659398620511,3,http://localhost:60190/profile/profile/getEducation,401,Unauthorized,MVP Studio Login 1-2,,false,,192,758,4,4,http://localhost:60190/profile/profile/getEducation,3,0,0
1659398620720,4,http://localhost:60190/profile/profile/getLanguage,401,Unauthorized,MVP Studio Login 1-3,,false,,192,757,4,4,http://localhost:60190/profile/profile/getLanguage,4,0,0
1659398620796,5,http://localhost:60190/profile/profile/getEducation,401,Unauthorized,MVP Studio Login 1-1,,false,,192,758,4,4,http://localhost:60190/profile/profile/getEducation,5,0,0
1659398620945,3,http://localhost:60190/profile/profile/getEducation,401,Unauthorized,MVP Studio Login 1-4,,false,,192,758,4,4,http://localhost:60190/profile/profile/getEducation,3,0,0
1659398621028,3,http://localhost:60190/profile/profile/getCertification,401,Unauthorized,MVP Studio Login 1-2,,false,,192,762,4,4,http://localhost:60190/profile/profile/getCertification,3,0,0
1659398621222,3,http://localhost:60190/profile/profile/getSkill,401,Unauthorized,MVP Studio Login 1-3,,false,,192,754,4,4,http://localhost:60190/profile/profile/getSkill,3,0,0
1659398621279,4,http://localhost:60190/profile/profile/getCertification,401,Unauthorized,MVP Studio Login 1-1,,false,,192,762,4,4,http://localhost:60190/profile/profile/getCertification,4,0,0
1659398621400,6,http://localhost:60190/profile/profile/getCertification,401,Unauthorized,MVP Studio Login 1-4,,false,,192,762,4,4,http://localhost:60190/profile/profile/getCertification,6,0,0
1659398621427,4,http://localhost:60190/profile/profile/getProfileDetails/?id=,401,Unauthorized,MVP Studio Login 1-2,,false,,192,740,4,4,http://localhost:60190/profile/profile/getProfileDetails/?id=,4,0,0
1659398616045,576,User Login,,"Number of samples in transaction : 11, number of failing samples : 9",MVP Studio Login 1-2,,false,,7101728,18724,4,4,null,172,4811,5
1659398621796,4,http://localhost:60190/profile/profile/getProfileDetails/?id=,401,Unauthorized,MVP Studio Login 1-4,,false,,192,740,3,3,http://localhost:60190/profile/profile/getProfileDetails/?id=,4,0,0
1659398616542,498,User Login,,"Number of samples in transaction : 11, number of failing samples : 9",MVP Studio Login 1-4,,false,,7101728,18724,3,3,null,160,4760,6
1659398621813,3,http://localhost:60190/profile/profile/getProfileDetails/?id=,401,Unauthorized,MVP Studio Login 1-1,,false,,192,740,2,2,http://localhost:60190/profile/profile/getProfileDetails/?id=,3,0,0
1659398615790,586,User Login,,"Number of samples in transaction : 11, number of failing samples : 9",MVP Studio Login 1-1,,false,,7101728,18724,2,2,null,160,5440,4
1659398621969,3,http://localhost:60190/profile/profile/getEducation,401,Unauthorized,MVP Studio Login 1-3,,false,,192,758,1,1,http://localhost:60190/profile/profile/getEducation,3,0,0
1659398622495,4,http://localhost:60190/profile/profile/getCertification,401,Unauthorized,MVP Studio Login 1-3,,false,,192,762,1,1,http://localhost:60190/profile/profile/getCertification,4,0,0
1659398623007,4,http://localhost:60190/profile/profile/getProfileDetails/?id=,401,Unauthorized,MVP Studio Login 1-3,,false,,192,740,1,1,http://localhost:60190/profile/profile/getProfileDetails/?id=,4,0,0
1659398616292,483,User Login,,"Number of samples in transaction : 11, number of failing samples : 9",MVP Studio Login 1-3,,false,,7101728,18724,1,1,null,159,6236,3
